Forge,Mx4rvVj2PZwpEbGdrcN5Y29ycA,Fireplace
Napoleonic Code,Mx4rvWXHupwpEbGdrcN5Y29ycA,LegalCode
Angela Davis,Mx8Ngh4rwBtg95wpEbGdrcN5Y29ycB4rvkshiJwpEbGdrcN5Y29ycA,"[:BelieverFn, :Feminism]"
Conor Oberst,Mx4rvVj1zpwpEbGdrcN5Y29ycA,UnitedStatesPerson
Samantha Carter,Mx4rwHKvgpwpEbGdrcN5Y29ycA,FictionalCharacter
Ralston Purina,Mx4rvVjvI5wpEbGdrcN5Y29ycA,ManufacturingOrganization
Naban,Mx4rvVjEOpwpEbGdrcN5Y29ycA,CombatSportsEvent
France national rugby union team,Mx4rvmggJ5wpEbGdrcN5Y29ycA,NationalSportsTeam
Universalizability,Mx4rcAmbiMb8EdmAAAACs6hRjg,Concept
Ruoholahti,Mx4rvViUQZwpEbGdrcN5Y29ycA,AcademicQuarter
Windows Mobile,Mx4rvViws5wpEbGdrcN5Y29ycA,OperatingSystem
Steve Field (medical doctor),Mx4rSyH0jhJbEd2AAADggVfs8g,Person-3050
MacDonnell Ranges,Mx4rvViACZwpEbGdrcN5Y29ycA,GeographicalRegion
Seleniko,Mx4rwLmi3JwpEbGdrcN5Y29ycA,Album-CW
Columbus Monthly,Mx4rwQ7-8pwpEbGdrcN5Y29ycA,MagazineSeries
Sirous Ghayeghran,Mx4rvVkDmZwpEbGdrcN5Y29ycA,SoccerPlayer
Fielding Lewis,Mx4rvViAkpwpEbGdrcN5Y29ycA,Person
Bronx Preparatory Charter School,Mx4rvVjsgZwpEbGdrcN5Y29ycA,HighSchool
Dessie O'Hare,Mx4rvhvt4ZwpEbGdrcN5Y29ycA,Republican
Rasmus WÃ¼rtz,Mx4rSyH0jhJbEd2AAADggVfs8g,Person-3050
One-person show,Mx4rvvIC-JwpEbGdrcN5Y29ycA,PlayPerformance
J with stroke,Mx4rwA1vh5wpEbGdrcN5Y29ycA,Letter-Alphabetic
WWF Superstars 2,Mx4rvkS9GZwpEbGdrcN5Y29ycA,Game
Nando Rafael,Mx4rvViAkpwpEbGdrcN5Y29ycA,Person
Harry Pilling,Mx4r7vjP4RuaEd2f4ADggVfexA,Cricketer
Musumba,Mx4rrPJDpCTfQdeS8IqP1a0lBw,PopulatedPlace
Kill the Moonlight (film),Mx4rvVkB4ZwpEbGdrcN5Y29ycA,PhotographicFilm
John Abbey,Mx4rvViAkpwpEbGdrcN5Y29ycA,Person
Special Studies Film II,Mx4rwFmUH5wpEbGdrcN5Y29ycA,HorrorMovie
Henry Yesler,Mx4rvVjiBJwpEbGdrcN5Y29ycA,Auditor
Bellairs Research Institute,Mx4rQjPWFMh5EdmAAAACs6hRjg,Institution
Mama Makes Up Her Mind: And Other Dangers of Southern Living,Mx4rvVjmq5wpEbGdrcN5Y29ycA,Book-CW
Neil Shephard,Mx4rSyH0jhJbEd2AAADggVfs8g,Person-3050