Amtrak,Mx4rvVjVT5wpEbGdrcN5Y29ycA,Organization
Scotty Moore,Mx4rvViAkpwpEbGdrcN5Y29ycA,Person
Indian Stream,Mx4rvVkHM5wpEbGdrcN5Y29ycA,River
Rustam Kasimdzhanov,Mx4rvViAkpwpEbGdrcN5Y29ycA,Person
John Bull (Continental Congress),Mx4rvViAkpwpEbGdrcN5Y29ycA,Person
By Dawn's Early Light,Mx4rwClAZJwpEbGdrcN5Y29ycA,ConceptualWork
L. T. F. Gamut,Mx8Ngh4rwP1535wpEbGdrcN5Y29ycB4rvViAkpwpEbGdrcN5Y29ycA,"[:GroupFn, :Person]"
Italian cruiser Giovanni delle Bande Nere,Mx4rvhwff5wpEbGdrcN5Y29ycA,LightCruiser
Gran Ducato Parma Rugby,Mx4rvViwbJwpEbGdrcN5Y29ycA,SportsTeam
Mercedes-Benz 280,Mx4rvViA9JwpEbGdrcN5Y29ycA,Thing
Saipem Nigeria,Mx4rvViS05wpEbGdrcN5Y29ycA,CommercialOrganization
Consett A.F.C.,Mx4rvViwbJwpEbGdrcN5Y29ycA,SportsTeam
Dreaming of You (album),Mx4rwLmi3JwpEbGdrcN5Y29ycA,Album-CW
Harold Van Buren Magonigle,Mx4rvViAkpwpEbGdrcN5Y29ycA,Person
Brad Downey,Mx4rvViAkpwpEbGdrcN5Y29ycA,Person
John Milton (Georgia politician),Mx4rvViAkpwpEbGdrcN5Y29ycA,Person
Mountain T.O.P.,Mx4rvVjVT5wpEbGdrcN5Y29ycA,Organization
Royal National College for the Blind,Mx4rwUHx0JwpEbGdrcN5Y29ycA,College
HMCS Carleton,Mx4rvVjx75wpEbGdrcN5Y29ycA,MilitaryOrganization
"Baltimore & Ohio Railroad Station, Philadelphia",Mx4rv6ZmoZwpEbGdrcN5Y29ycA,RailroadStation
The Great History,Mx4rvVjmq5wpEbGdrcN5Y29ycA,Book-CW
Netherlands women's national handball team,Mx4rvViwbJwpEbGdrcN5Y29ycA,SportsTeam
K41OI,Mx4rwQCRppwpEbGdrcN5Y29ycA,TelevisionStation
Nils Hasselmo,Mx4rvViAkpwpEbGdrcN5Y29ycA,Person
White Springs Television,Mx4rwQCRppwpEbGdrcN5Y29ycA,TelevisionStation
Delaware Academy of Medicine,Mx4rvViu6JwpEbGdrcN5Y29ycA,NonProfitOrganization
PSO Tri-Nation Tournament 2002,Mx4rwOI75pwpEbGdrcN5Y29ycA,Tournament
Beattie Park Mound Group,Mx4rvViACZwpEbGdrcN5Y29ycA,GeographicalRegion
Care for Africa,Mx4rvWVLEZwpEbGdrcN5Y29ycA,SocialAidOrganization
Tillandsia portillae,Mx4rwAjmlJwpEbGdrcN5Y29ycA,BromeliaceaeFamily
FC Sportakademklub Moscow,Mx4rvViwbJwpEbGdrcN5Y29ycA,SportsTeam
KLGT,Mx4rvVjVT5wpEbGdrcN5Y29ycA,Organization
KMSO,Mx4rvVjVT5wpEbGdrcN5Y29ycA,Organization
Brian Warren,Mx4rvViAkpwpEbGdrcN5Y29ycA,Person
Nakkna,Mx4rvVjVT5wpEbGdrcN5Y29ycA,Organization
6074 Bechtereva,Mx4rvVjB1JwpEbGdrcN5Y29ycA,Asteroid
7501 Farra,Mx4rvVjB1JwpEbGdrcN5Y29ycA,Asteroid
14143 Hadfield,Mx4rvVjB1JwpEbGdrcN5Y29ycA,Asteroid
Kurt Dreyer,Mx4rvViAkpwpEbGdrcN5Y29ycA,Person
18735 Chubko,Mx4rvVjB1JwpEbGdrcN5Y29ycA,Asteroid
German submarine U-134,Mx4rvViA9JwpEbGdrcN5Y29ycA,Thing
Scuderia Milano,Mx4rvViwbJwpEbGdrcN5Y29ycA,SportsTeam
East Hartford Middle School,Mx4rvuXm9JwpEbGdrcN5Y29ycA,Town
13039 Awashima,Mx4rvVjB1JwpEbGdrcN5Y29ycA,Asteroid
Todd Okerlund,Mx4rvViAkpwpEbGdrcN5Y29ycA,Person
Cho-Den-O Series,Mx4rwClAZJwpEbGdrcN5Y29ycA,ConceptualWork
KTCC,Mx4rvVjVT5wpEbGdrcN5Y29ycA,Organization
National Disease Research Interchange,Mx4rvViu6JwpEbGdrcN5Y29ycA,NonProfitOrganization
Squash at the Commonwealth Games,Mx4rvViA9JwpEbGdrcN5Y29ycA,Thing
The Hellacopters discography,Mx4rwClAZJwpEbGdrcN5Y29ycA,ConceptualWork
Helsingfors Segelsällskap,Mx4rv4ohjpwpEbGdrcN5Y29ycA,Club-Organization
John Quested (aviator),Mx4rvViAkpwpEbGdrcN5Y29ycA,Person
Chris Marinelli,Mx4rvViAkpwpEbGdrcN5Y29ycA,Person
Alter Bridge discography,Mx4rwClAZJwpEbGdrcN5Y29ycA,ConceptualWork
Sayidat Al-Ansar,Mx4rvViwbJwpEbGdrcN5Y29ycA,SportsTeam
Red Clay Creek Presbyterian Church,Mx4rvVif_pwpEbGdrcN5Y29ycA,Church-Building
"George Brown, Class Clown",Mx4rwClAZJwpEbGdrcN5Y29ycA,ConceptualWork
George S. Abbott Building,Mx4rvVj7KJwpEbGdrcN5Y29ycA,Building
Esporte Clube Barroso,Mx4rvViwbJwpEbGdrcN5Y29ycA,SportsTeam
J. Otto Schweizer,Mx4rvViAkpwpEbGdrcN5Y29ycA,Person
Vasco Esporte Clube,Mx4rvViwbJwpEbGdrcN5Y29ycA,SportsTeam
Rio Branco de Andradas Futebol Clube,Mx4rvViwbJwpEbGdrcN5Y29ycA,SportsTeam
Dreamz Unlimited,Mx4rvVjVT5wpEbGdrcN5Y29ycA,Organization
TÅGAB,Mx4rvVjVT5wpEbGdrcN5Y29ycA,Organization
HMS Fiona,Mx4rvViA9JwpEbGdrcN5Y29ycA,Thing
National Veteran's Committee,Mx4rvVj82pwpEbGdrcN5Y29ycA,PoliticalParty
"Trinity Episcopal Cathedral (San Jose, California)",Mx4rvVigPpwpEbGdrcN5Y29ycA,Cathedral
Athletics at the 2004 Summer Paralympics – Women's javelin throw F42–46,Mx4rvViA9JwpEbGdrcN5Y29ycA,Thing
Alena Yiv,Mx4rvViAkpwpEbGdrcN5Y29ycA,Person
Swimming at the 2002 Asian Games – Men's 400 metre freestyle,Mx4rvViA9JwpEbGdrcN5Y29ycA,Thing
2013 NACRA Rugby Championship,Mx4rv0BTRpwpEbGdrcN5Y29ycA,ChampionshipCompetition
Roger Richebé,Mx4rvViAkpwpEbGdrcN5Y29ycA,Person
Pasta Zara-Cogeas,Mx4rvViwbJwpEbGdrcN5Y29ycA,SportsTeam
Taliban five,Mx8Ngh4rwP1535wpEbGdrcN5Y29ycB4rvViAkpwpEbGdrcN5Y29ycA,"[:GroupFn, :Person]"
Moses Powell,Mx4rvViAkpwpEbGdrcN5Y29ycA,Person
Ladder tournament,Mx4rwOI75pwpEbGdrcN5Y29ycA,Tournament
Telecom Éireann,Mx4rdi9o3IJLQdeSL_KXawza8g,TelecommunicationsCompany
Edmund Nelson (American football),Mx4rvViAkpwpEbGdrcN5Y29ycA,Person