Waterloo (1970 film),,ConceptualWork
"Chambers County, Alabama",,GeopoliticalEntity
Heaven's Gate (film),,ConceptualWork
ORWO,Mx4rvVjVT5wpEbGdrcN5Y29ycA,Organization
Marquis reagent,Mx4rwClAZJwpEbGdrcN5Y29ycA,ConceptualWork
Draft (politics),Mx4rvVioQZwpEbGdrcN5Y29ycA,Action
Bronisław Malinowski (athlete),Mx4rvViAkpwpEbGdrcN5Y29ycA,Person
Area density,,ScalarQuantity
Liscard,,Place
Boer goat,,Goat
Charlotte Froese Fischer,Mx4rvViAkpwpEbGdrcN5Y29ycA,Person
Colorado Foxes,,SportsTeam
Land Day,,Holiday
Kanbun Uechi,,Person
DFW Tornados,Mx4rvVjVT5wpEbGdrcN5Y29ycA,Organization
Newport Country Club,Mx4rvVjVT5wpEbGdrcN5Y29ycA,Organization
Air Transportation Stabilization Board,Mx4rvVj7KJwpEbGdrcN5Y29ycA,Building
The Pleasance,,Street-Generic
Ed Feighan,,Person
Night Ride Home,,Album-CW
Paso de la Amada,,ArchaeologicalSite
Share My World,,Album-CW
Jean Carzou,Mx4rvViAkpwpEbGdrcN5Y29ycA,Person
Fay Grim,,ConceptualWork
Espers (band),Mx4rvVjVT5wpEbGdrcN5Y29ycA,Organization
Administrative divisions of Tomsk Oblast,,
Bruce Swedien,Mx4rvViAkpwpEbGdrcN5Y29ycA,Person
Alter Natives,,MusicPerformanceOrganization
Ray Krebbs,,FictionalCharacter
US Marseille Endoume,,Organization
George Hamilton (MP),,Person
Tetrairidium dodecacarbonyl,,ChemicalCompoundTypeByChemicalSpecies
1st century BC in poetry,Mx4rvViAw5wpEbGdrcN5Y29ycA,TimeInterval
G. F. Newman,Mx4rvViAkpwpEbGdrcN5Y29ycA,Person
2007–08 Memphis Grizzlies season,,
Network motif,,MathematicalObject
China Molybdenum,,Business
James Dixon (American football),Mx4rvViAkpwpEbGdrcN5Y29ycA,Person
Drum key,,Tool
Luke's Trolley Troubles,,ConceptualWork
The Bonnie Brier Bush,,ConceptualWork
Thank God for Believers,,ConceptualWork
Antonio Argilés,Mx4rvViAkpwpEbGdrcN5Y29ycA,Person
Gerry McDougall,Mx4rvViAkpwpEbGdrcN5Y29ycA,Person
Council for German Orthography,,Organization
Tacoma Opera,Mx4rvVjVT5wpEbGdrcN5Y29ycA,Organization
Haydenville Historic District,Mx4rvVjl2pwpEbGdrcN5Y29ycA,GeopoliticalEntity
Aravana,,DancePerformance
1984–85 New Jersey Devils season,,
Akin Düzakin,Mx4rvViAkpwpEbGdrcN5Y29ycA,Person
Lagrangian mechanics,,MathematicalOrComputationalThing
Belgian Eifel,,GeographicalRegion
Institute of Asian and African Countries,,EducationalOrganization
Black Peter (film),,ConceptualWork
Norker,,FictionalCharacter
Mambas Noirs FC,,SportTeam
2010 Auckland Rugby League season,,
AIPH,,Organization
Dreghorn Barracks,,Building
1991 New Zealand rugby league season,,
2011 Utah State Aggies football team,,SportsTeam
Beijing People's Art Theatre,,Business
Rob Heeney,Mx4rvViAkpwpEbGdrcN5Y29ycA,Person
Dunav Zone League,,Organization
William Henry Hyett,,Person
European Universities Beach Volleyball Championships,,Tournament
Danube company,,Business
Abraham P. Hankins,Mx4rvViAkpwpEbGdrcN5Y29ycA,Person
Gorōyama kofun,,Mound-ConstructionArtifact
Indian Day (Brazil),,Holiday
Cornelius O'Callaghan,,Person
Blue Water Trucking,Mx4rvVjVT5wpEbGdrcN5Y29ycA,Organization
1993 alleged Turkish military coup,,Coup
IAR Graduate Conference,,Conference
"Henry, Vermillion Parish, Louisiana",Mx4rvVi4_pwpEbGdrcN5Y29ycA,Neighborhood
HaPijamot,,TVSeriesProduct
"Suska, Otwock County",Mx4rvVjl2pwpEbGdrcN5Y29ycA,GeopoliticalEntity
Active Template Library,,ConceptualWork
2008–09 Football League Championship,,
