y,Forge,Mx4rvVj2PZwpEbGdrcN5Y29ycA,Fireplace
y,Napoleonic Code,Mx4rvWXHupwpEbGdrcN5Y29ycA,LegalCode
y,Angela Davis,Mx8Ngh4rwBtg95wpEbGdrcN5Y29ycB4rvkshiJwpEbGdrcN5Y29ycA,"[:BelieverFn, :Feminism]"
y,Conor Oberst,Mx4rvVj1zpwpEbGdrcN5Y29ycA,UnitedStatesPerson
y,Samantha Carter,Mx4rwHKvgpwpEbGdrcN5Y29ycA,FictionalCharacter
y,Ralston Purina,Mx4rvVjvI5wpEbGdrcN5Y29ycA,ManufacturingOrganization
y,Naban,Mx4rvVjEOpwpEbGdrcN5Y29ycA,CombatSportsEvent
y,France national rugby union team,Mx4rvmggJ5wpEbGdrcN5Y29ycA,NationalSportsTeam
y,Universalizability,Mx4rcAmbiMb8EdmAAAACs6hRjg,Concept
n,Ruoholahti,Mx4rvViUQZwpEbGdrcN5Y29ycA,AcademicQuarter
y,Windows Mobile,Mx4rvViws5wpEbGdrcN5Y29ycA,OperatingSystem
n,Steve Field (medical doctor),Mx4rSyH0jhJbEd2AAADggVfs8g,Person-3050
y,MacDonnell Ranges,Mx4rvViACZwpEbGdrcN5Y29ycA,GeographicalRegion
y,Seleniko,Mx4rwLmi3JwpEbGdrcN5Y29ycA,Album-CW
y,Columbus Monthly,Mx4rwQ7-8pwpEbGdrcN5Y29ycA,MagazineSeries
y,Sirous Ghayeghran,Mx4rvVkDmZwpEbGdrcN5Y29ycA,SoccerPlayer
y,Fielding Lewis,Mx4rvViAkpwpEbGdrcN5Y29ycA,Person
y,Bronx Preparatory Charter School,Mx4rvVjsgZwpEbGdrcN5Y29ycA,HighSchool
n,Dessie O'Hare,Mx4rvhvt4ZwpEbGdrcN5Y29ycA,Republican
y,Rasmus Würtz,Mx4rSyH0jhJbEd2AAADggVfs8g,Person-3050
y,One-person show,Mx4rvvIC-JwpEbGdrcN5Y29ycA,PlayPerformance
y,J with stroke,Mx4rwA1vh5wpEbGdrcN5Y29ycA,Letter-Alphabetic
u,WWF Superstars 2,Mx4rvkS9GZwpEbGdrcN5Y29ycA,Game
y,Nando Rafael,Mx4rvViAkpwpEbGdrcN5Y29ycA,Person
y,Harry Pilling,Mx4r7vjP4RuaEd2f4ADggVfexA,Cricketer
y,Musumba,Mx4rrPJDpCTfQdeS8IqP1a0lBw,PopulatedPlace
n,Kill the Moonlight (film),Mx4rvVkB4ZwpEbGdrcN5Y29ycA,PhotographicFilm
y,John Abbey,Mx4rvViAkpwpEbGdrcN5Y29ycA,Person
y,Special Studies Film II,Mx4rwFmUH5wpEbGdrcN5Y29ycA,HorrorMovie
y,Henry Yesler,Mx4rvVjiBJwpEbGdrcN5Y29ycA,Auditor
y,Bellairs Research Institute,Mx4rQjPWFMh5EdmAAAACs6hRjg,Institution
y,Mama Makes Up Her Mind: And Other Dangers of Southern Living,Mx4rvVjmq5wpEbGdrcN5Y29ycA,Book-CW
y,Neil Shephard,Mx4rSyH0jhJbEd2AAADggVfs8g,Person-3050
n,Minor Earth Major Sky (song),Mx4rvXS5YpwpEbGdrcN5Y29ycA,Song-Sung
y,Lake Narracan,Mx4rvVi4IpwpEbGdrcN5Y29ycA,Lake
u,Roman Catholic Mission Sui Iuris of Turks and Caicos,Mx4rLHhrFCBjEdiNYwACs6hnlQ,Diocese-Catholic
y,Trench Cup,Mx4rvViAGpwpEbGdrcN5Y29ycA,Competition
y,Hinckley and Rugby Building Society,Mx4rQjPWFMh5EdmAAAACs6hRjg,Institution
y,Hendrik S. Houthakker,Mx4rwQB4UJwpEbGdrcN5Y29ycA,JewishPerson
y,Pattampoochi,Mx4rv973YpwpEbGdrcN5Y29ycA,Movie-CW
u,Henry Buckingham (politician),Mx4rwQr5eJwpEbGdrcN5Y29ycA,Leader
y,Bretocino,Mx4rrPJDpCTfQdeS8IqP1a0lBw,PopulatedPlace
y,Castrodeza,Mx4r06ySZMcYEdmAAAACs6hRjg,Municipality
y,Hexacyclonate,Mx4rvVim-JwpEbGdrcN5Y29ycA,Alcohol-Compound
u,San Francisco Youth Commission,Mx4rtWvackq1EdiedwAH6RYvSQ,Council-Organization
y,Isabel Morgan,Mx4rvViaI5wpEbGdrcN5Y29ycA,Researcher
y,Paolo Rustichelli,Mx4r1_WUCnWaQdeEdp-4peq4Og,Graduate
y,Leptochilus (wasp),Mx4rvVi8MZwpEbGdrcN5Y29ycA,Wasp
y,Ibrahim Electric,Mx4rvVij7ZwpEbGdrcN5Y29ycA,MusicPerformanceOrganization
y,Roman Catholic Diocese of Brno,Mx4rvVjbBJwpEbGdrcN5Y29ycA,ReligiousOrganization
y,Marlo Perry,Mx4rvViAkpwpEbGdrcN5Y29ycA,Person
y,Giovanni Priuli,Mx4rvVjp3ZwpEbGdrcN5Y29ycA,MusicalComposer
u,1997–98 Moldovan National Division,Mx4reRavYrKQEd2AAAAhm0jtOQ,FootballSeason
y,Codman-Davis House,Mx4rvVih-5wpEbGdrcN5Y29ycA,House-Modern
y,HMS Exmoor,Mx4rwB7x55wpEbGdrcN5Y29ycA,Name
y,Çaxmaqlı,Mx4rrPJDpCTfQdeS8IqP1a0lBw,PopulatedPlace
y,Ishi Wilderness,Mx4rvgDFxZwpEbGdrcN5Y29ycA,WildernessArea
y,Santa Mesa railway station,Mx4rv6ZmoZwpEbGdrcN5Y29ycA,RailroadStation
y,Quadrula pustulosa,Mx4rvVjvjpwpEbGdrcN5Y29ycA,Mollusk
u,There Is No Alternative: Why Margaret Thatcher Matters,Mx4rK61iUHS-EdaAAACgyZzFrg,PropositionalConceptualWork-BiographyGenre
y,Boettcher Foundation,Mx4rvVowaJwpEbGdrcN5Y29ycA,FoundationOrganization
y,Kottawa,Mx4rrPJDpCTfQdeS8IqP1a0lBw,PopulatedPlace
y,Jaipuria Institute of Management,Mx4rvVjp6ZwpEbGdrcN5Y29ycA,BusinessSchool
y,Aleksei Turovski,Mx4rSyH0jhJbEd2AAADggVfs8g,Person-3050
y,Sphaerodothella,Mx4rvVian5wpEbGdrcN5Y29ycA,BiologicalGenus
y,Holsbybrunn,Mx4rrPJDpCTfQdeS8IqP1a0lBw,PopulatedPlace
y,Hodenberg,Mx4rvVilOpwpEbGdrcN5Y29ycA,Family-Human
u,Toute la Lyre,Mx4rvvm9OJwpEbGdrcN5Y29ycA,Poem-CW
y,Oklahoma Conservation Commission,Mx4rv8Cq9pwpEbGdrcN5Y29ycA,GovernmentAgency
y,Pengshan County,Mx4rbFoHaMb1EdmAAAACs6hRjg,AdministrativeDistrict
y,Shouwu Wan,Mx4rwP1I25wpEbGdrcN5Y29ycA,Pill
y,"Pittsburgh mayoral election, 2005",Mx4rwQrmEZwpEbGdrcN5Y29ycA,Election
y,Gyula (name),Mx4rvVjoEJwpEbGdrcN5Y29ycA,HumanGivenNameString
y,The Hind and the Panther,Mx4rvVjmq5wpEbGdrcN5Y29ycA,Book-CW
y,Chiaki Watanabe,Mx4rwMcZI5wpEbGdrcN5Y29ycA,Artist
u,Naviforme,Mx4rwQwtQJwpEbGdrcN5Y29ycA,Monument
y,Kullaaru,Mx4rv33BppwpEbGdrcN5Y29ycA,Village
y,"Russell Township, Russell County, Kansas",Mx4rvuXm9JwpEbGdrcN5Y29ycA,Town
n,List of The Asylum Monsters,Mx4rwHKvgpwpEbGdrcN5Y29ycA,FictionalCharacter
y,"Statue, National Museum of Iran 2401",Mx4rvgELj5wpEbGdrcN5Y29ycA,Statue
y,Nathan Thompson (English footballer),Mx4rSyH0jhJbEd2AAADggVfs8g,Person-3050
y,NGC 3621,Mx4rvvsdppwpEbGdrcN5Y29ycA,SpiralGalaxy
y,Aleksandr Stishinsky,Mx4rvgD1_JwpEbGdrcN5Y29ycA,RussianPerson
y,Ljubuša,Mx4rvVjODZwpEbGdrcN5Y29ycA,Mountain
y,July 1936 military uprising in Melilla,Mx4rd0DfJLgfEdmAAAACs6hRjg,MilitaryBattle
y,Anwar Adnan Saleh,Mx4rvViAkpwpEbGdrcN5Y29ycA,Person
y,Chico Fletcher,Mx4rvViYBZwpEbGdrcN5Y29ycA,FootballOffensiveGuard
y,"George Knew, Sr.",Mx4r7vjP4RuaEd2f4ADggVfexA,Cricketer
y,Paul Dillon (footballer),Mx4rvViAkpwpEbGdrcN5Y29ycA,Person
y,Carlos Javier Benielli,Mx4rvVj7rpwpEbGdrcN5Y29ycA,Writer
y,Barry-Wehmiller,Mx4rvVjvXpwpEbGdrcN5Y29ycA,ManufacturingCompany
Waterloo (1970 film),Mx4rvVkB4ZwpEbGdrcN5Y29ycA,PhotographicFilm
Moog (surname),Mx4rv2Wq-ZwpEbGdrcN5Y29ycA,HumanSurname
Clupeidae,Mx4rvVjfU5wpEbGdrcN5Y29ycA,Fish
"Chambers County, Alabama",Mx4rvVj7KJwpEbGdrcN5Y29ycA,Building
Hubei,Mx4rvVjM45wpEbGdrcN5Y29ycA,Province
Heaven's Gate (film),Mx4rvVkB4ZwpEbGdrcN5Y29ycA,PhotographicFilm
"Ruma, Illinois",Mx4rv33BppwpEbGdrcN5Y29ycA,Village
"Girard, Kansas",Mx4rrPJDpCTfQdeS8IqP1a0lBw,PopulatedPlace
"Rock Hill, Missouri",Mx4rvVjnZ5wpEbGdrcN5Y29ycA,City
"Dexter, New Mexico",Mx4rvuXm9JwpEbGdrcN5Y29ycA,Town
"Fruitdale, South Dakota",Mx4rvuXm9JwpEbGdrcN5Y29ycA,Town
Mudbrick,Mx4rvVj-spwpEbGdrcN5Y29ycA,Brick
Clare Boothe Luce,Mx4rvVj7rpwpEbGdrcN5Y29ycA,Writer
ORWO,Mx4rLRxwSjt6EdaAAACgye-oRQ,Company-MilitaryEchelon
Rio Grande Games,Mx4rvViKZJwpEbGdrcN5Y29ycA,PublishingCompany
Lena Horne,Mx4rvVjaHZwpEbGdrcN5Y29ycA,Actor
Marquis reagent,Mx4rwDDErJwpEbGdrcN5Y29ycA,SpecifiedTest-CW
Leopold Gmelin,Mx4rvVkMGZwpEbGdrcN5Y29ycA,GermanPerson
Sodium nitrite,Mx4rZBlE-I4ZQdiKV-E2YrcatA,EfficaciousSubstanceTypeByComposition
Mercury(II) chloride,Mx4rvVjNlZwpEbGdrcN5Y29ycA,ChemicalSubstanceType
Draft (politics),Mx4rwQrmEZwpEbGdrcN5Y29ycA,Election
Henslow's Sparrow,Mx4rvVi8SJwpEbGdrcN5Y29ycA,Bird
Bronisław Malinowski (athlete),Mx4rvVieQZwpEbGdrcN5Y29ycA,Runner-Messenger
Mac McDonald,Mx4rSyH0jhJbEd2AAADggVfs8g,Person-3050
Gonaïves,Mx4rrPJDpCTfQdeS8IqP1a0lBw,PopulatedPlace
Woodford tube station,Mx4rv6ZmoZwpEbGdrcN5Y29ycA,RailroadStation
Nimrod (ship),Mx4rvVirIJwpEbGdrcN5Y29ycA,Ship
Asian Koel,Mx4rvVi8SJwpEbGdrcN5Y29ycA,Bird
"Asashina, Nagano",Mx4r06ySZMcYEdmAAAACs6hRjg,Municipality
A Good School,Mx4rvViJb5wpEbGdrcN5Y29ycA,Novel-CW
Lōʻihi Seamount,Mx4rvVkKUJwpEbGdrcN5Y29ycA,Volcano
Siobhan Creaton,Mx4rSyH0jhJbEd2AAADggVfs8g,Person-3050
I Spit on Your Grave,Mx4rviXY85wpEbGdrcN5Y29ycA,IndependentMovie
Bigelow Aerospace,Mx4rQjPWFMh5EdmAAAACs6hRjg,Institution
Area density,Mx4rwA6F5ZwpEbGdrcN5Y29ycA,Mechanic
Omar Ali Saifuddien III,Mx4rvVjdhJwpEbGdrcN5Y29ycA,Monarch-HeadOfState
A+ (programming language),Mx4rvVjC6pwpEbGdrcN5Y29ycA,AbstractProgrammingLanguage
La Crosse encephalitis,Mx4rwQeMqJwpEbGdrcN5Y29ycA,NeurologicalDisease
Eric Anundsson,Mx4rvVjnNpwpEbGdrcN5Y29ycA,King-HeadOfState
Santiago Casares Quiroga,Mx4rvViAkpwpEbGdrcN5Y29ycA,Person
BMW N42,Mx4rvVjOxJwpEbGdrcN5Y29ycA,Engine
Regimental quartermaster sergeant,Mx4rw5xx4HSwEdaAAACgyZzFrg,MilitaryPersonTypeByRank
Argyroxiphium,Mx4rvVian5wpEbGdrcN5Y29ycA,BiologicalGenus
Liscard,Mx4rvVidpZwpEbGdrcN5Y29ycA,ConstructionArtifact
Mud-terrain tyre,Mx4rvVjB1pwpEbGdrcN5Y29ycA,Tire
Punjab Janata Morcha,Mx4rvVj82pwpEbGdrcN5Y29ycA,PoliticalParty
Boer goat,Mx4rGwcsMFkIQdiMCLmJUEZ9IQ,DogTypeByBreed
Mobile game,Mx4rvVjmuJwpEbGdrcN5Y29ycA,ComputerGameProgram
"Hillcrest, Ohio",Mx4rvVi4_pwpEbGdrcN5Y29ycA,Neighborhood
Tackey & Tsubasa,Mx4rvVij7ZwpEbGdrcN5Y29ycA,MusicPerformanceOrganization
Jim Kleinsasser,Mx4rvViAkpwpEbGdrcN5Y29ycA,Person
INAP,Mx4rwEytipwpEbGdrcN5Y29ycA,ApplicationLayerProtocol
Romeo and Juliet (Tchaikovsky),Mx4rwUwN3ZwpEbGdrcN5Y29ycA,MusicalComposition
G. V. Skrotskii,Mx4rvViN4ZwpEbGdrcN5Y29ycA,Physicist
Charlotte Froese Fischer,Mx4rvVjdu5wpEbGdrcN5Y29ycA,Pharmacist
Colorado Foxes,Mx4rvVj8mpwpEbGdrcN5Y29ycA,ClubbingSomeone
Oahe Dam,Mx4rvVidpZwpEbGdrcN5Y29ycA,ConstructionArtifact
"Katra, Jammu and Kashmir",Mx4rvVjnZ5wpEbGdrcN5Y29ycA,City
Assegai,Mx4rvVj8V5wpEbGdrcN5Y29ycA,Weapon
Conspiracy fiction,Mx4rv973YpwpEbGdrcN5Y29ycA,Movie-CW
Ballarat Football League,Mx4rvViAGpwpEbGdrcN5Y29ycA,Competition
Medicine (band),Mx4rvVij7ZwpEbGdrcN5Y29ycA,MusicPerformanceOrganization
Canned hunt,Mx4rwQrrDJwpEbGdrcN5Y29ycA,CriminalAct
Theon of Smyrna,Mx4rvViAkpwpEbGdrcN5Y29ycA,Person
Halling railway station,Mx4rv6ZmoZwpEbGdrcN5Y29ycA,RailroadStation
A. H. Albut,Mx4rvVi3YpwpEbGdrcN5Y29ycA,Manager
DINA S.A.,Mx4rvVjvI5wpEbGdrcN5Y29ycA,ManufacturingOrganization
Tim Bausher,Mx4rSyH0jhJbEd2AAADggVfs8g,Person-3050
Etymological dictionary,Mx4rvVjKWpwpEbGdrcN5Y29ycA,Dictionary
NewLISP,Mx4rvVjC6pwpEbGdrcN5Y29ycA,AbstractProgrammingLanguage
Land Day,Mx4rvx3ucJwpEbGdrcN5Y29ycA,Politics
Kanbun Uechi,Mx4rvVkJU5wpEbGdrcN5Y29ycA,Dying
Staphylococcus haemolyticus,Mx4rwOcGCpwpEbGdrcN5Y29ycA,GramPositiveBacterium
Joan Baez in Concert,Mx4rwLmi3JwpEbGdrcN5Y29ycA,Album-CW
Mexico (novel),Mx4rvVjmq5wpEbGdrcN5Y29ycA,Book-CW
DFW Tornados,Mx4rFNOiCMvnEdaAAAACs0uFOQ,AdministrativeDepartment
"Portland, Louisville",Mx4rvVi4_pwpEbGdrcN5Y29ycA,Neighborhood
Earl Gros,Mx4rCFhRVOcrSPSOo8mgLid9SA,FootballRunningBack
Naantalin maalaiskunta,Mx4r06ySZMcYEdmAAAACs6hRjg,Municipality
Newport Country Club,Mx4rFNOiCMvnEdaAAAACs0uFOQ,AdministrativeDepartment
Air Transportation Stabilization Board,Mx4rvVj7KJwpEbGdrcN5Y29ycA,Building
Jimmy Shergill,Mx4rvVjaHZwpEbGdrcN5Y29ycA,Actor
"La Haute-Saint-Charles, Quebec City",Mx4row2WOHwNQdeFcucrvFV0yw,Borough
WWF LiveWire,Mx4rv5_PuJwpEbGdrcN5Y29ycA,BroadcastSeriesProduct
Atta sexdens,Mx4r5lNPkMLgQdeAzr878CoUZw,NonHumanAnimal
Heliotropium arborescens,Mx4rvVjG4ZwpEbGdrcN5Y29ycA,Plant
Great Works River,Mx4rvVkHM5wpEbGdrcN5Y29ycA,River
"Bentley, Western Australia",Mx4rvVj8QZwpEbGdrcN5Y29ycA,SuburbanNeighborhood
The Pleasance,Mx4rvViOR5wpEbGdrcN5Y29ycA,Theater-Organization
Cannondale Pro Cycling Team,Mx4rvViwbJwpEbGdrcN5Y29ycA,SportsTeam
Jimmy Logie,Mx4rvVkDmZwpEbGdrcN5Y29ycA,SoccerPlayer
Brenda Pye,Mx4rwMcZI5wpEbGdrcN5Y29ycA,Artist
Ed Feighan,Mx8NhB4rvcD6KJwpEbGdrcN5Y29ycB4rvsaaeJwpEbGdrcN5Y29ycB4rvViz-5wpEbGdrcN5Y29ycB4rvZGAFpwpEbGdrcN5Y29ycA,"[:SubcollectionOfWithRelationFromTypeFn, :""Agent-Generic"", :hasMembers, :MultiIndividualAgent]"
Herbert Alexander Bruce,Mx4rTY6RYCZXEdaAAACQJ5pcGA,AnglicanPerson
Florida State Road 7,Mx4rvVjVYZwpEbGdrcN5Y29ycA,Highway
Maria Klawe,Mx4rwJmRJZwpEbGdrcN5Y29ycA,PresidentOfOrganization
Starodub-on-the-Klyazma,Mx4rrPJDpCTfQdeS8IqP1a0lBw,PopulatedPlace
Susan Moller Okin,Mx4rvkBZgZwpEbGdrcN5Y29ycA,PoliticalPhilosopher
Alexander Murdoch Mackay,Mx4rLHi5MCBjEdiNYwACs6hnlQ,Missionary
Yıldırım Akbulut,Mx4rvVjntpwpEbGdrcN5Y29ycA,Politician
John Thomas (screenwriter),Mx4rvViAkpwpEbGdrcN5Y29ycA,Person
Battle of Lake Vadimo (310 BC),Mx4rd0DfJLgfEdmAAAACs6hRjg,MilitaryBattle
Night Ride Home,Mx4rwQiJXpwpEbGdrcN5Y29ycA,Album-IBO
Paso de la Amada,Mx4rvVjTtJwpEbGdrcN5Y29ycA,Place
Share My World,Mx4rwQiJXpwpEbGdrcN5Y29ycA,Album-IBO
Vektor SS-77,Mx4rvVigDpwpEbGdrcN5Y29ycA,Gun-Portable
Flock (sculpture),Mx4rvVis2pwpEbGdrcN5Y29ycA,Sculpture
Coins of the Rhodesian dollar,Mx4rvViJ0pwpEbGdrcN5Y29ycA,Coin-Currency
Methysergide,Mx4rwP1OWpwpEbGdrcN5Y29ycA,PharmaceuticalType
The Witches of Chiswick,Mx4rvViJb5wpEbGdrcN5Y29ycA,Novel-CW
Davy Larmour,Mx4rSyH0jhJbEd2AAADggVfs8g,Person-3050
Charles Wakefield Cadman,Mx4rvVjp3ZwpEbGdrcN5Y29ycA,MusicalComposer
Myndus,Mx4rvVjnZ5wpEbGdrcN5Y29ycA,City
Reg Sinfield,Mx4r7vjP4RuaEd2f4ADggVfexA,Cricketer
Irène Bordoni,Mx4rvVjiz5wpEbGdrcN5Y29ycA,Singer
Jean Carzou,Mx4rvVjPWZwpEbGdrcN5Y29ycA,Painter-Tradesperson
Enterococcaceae,Mx4rTXy6TAPzEdyAAADggVbxzQ,Lactobacillales-Order
Scott Harrington,Mx4rvViAkpwpEbGdrcN5Y29ycA,Person
Humiriaceae,Mx4rvVjLLJwpEbGdrcN5Y29ycA,BiologicalFamily
Dragan Todorović,Mx4rvVimIZwpEbGdrcN5Y29ycA,CanadianPerson
Flag of the Sakha Republic,Mx4rvViQupwpEbGdrcN5Y29ycA,Flag
"Bang, Bang, It's Reeves and Mortimer",Mx4rv5_PuJwpEbGdrcN5Y29ycA,BroadcastSeriesProduct
Apparat Organ Quartet,Mx4rvVij7ZwpEbGdrcN5Y29ycA,MusicPerformanceOrganization
Fay Grim,Mx4rvVkB4ZwpEbGdrcN5Y29ycA,PhotographicFilm
Dedication (short story),Mx4rvViI6ZwpEbGdrcN5Y29ycA,ShortStory
The Frackles,Mx4rwHKvgpwpEbGdrcN5Y29ycA,FictionalCharacter
Komichi Shobo Publishing,Mx4rvViKZJwpEbGdrcN5Y29ycA,PublishingCompany
Avion (band),Mx4rvVij7ZwpEbGdrcN5Y29ycA,MusicPerformanceOrganization
North Irish Horse,Mx4rIlMG-HS8EdaAAACgyZzFrg,Squadron-MilitaryEchelon
Elizabeth Wakefield,Mx4rwHKvgpwpEbGdrcN5Y29ycA,FictionalCharacter
Fort Churchill State Historic Park,Mx4rwQwoOJwpEbGdrcN5Y29ycA,USStatePark
Espers (band),Mx4rQjPWFMh5EdmAAAACs6hRjg,Institution
Multiple-camera setup,Mx4r-c445joZQdeL9clHkSkN2A,TechniqueType
KBYZ,Mx4rvVjvzZwpEbGdrcN5Y29ycA,RadioStation-Organization
Johann Valentin Meder,Mx8Ngh4rvW-_IZwpEbGdrcN5Y29ycB4rv5XMb5wpEbGdrcN5Y29ycA,"[:PlayerOfInstrumentFn, :""Organ-MusicalInstrument""]"
David Levering Lewis,Mx4rvVidtpwpEbGdrcN5Y29ycA,AcademicProfessional
Richard Goddard,Mx4rvVkDmZwpEbGdrcN5Y29ycA,SoccerPlayer
Godley railway station,Mx4rv6ZmoZwpEbGdrcN5Y29ycA,RailroadStation
Pasmo,Mx4rwLx8_5wpEbGdrcN5Y29ycA,SmartCard
Flounder tramping,Mx4r-c445joZQdeL9clHkSkN2A,TechniqueType
Airline codes,Mx4rvViq7pwpEbGdrcN5Y29ycA,AirlineCompany
Garadjari language,Mx4rvVj0iZwpEbGdrcN5Y29ycA,Language
Junior Ryder Cup,Mx4rvvTIC5wpEbGdrcN5Y29ycA,GolfTournament
Michael Abercrombie,Mx4rvViyfpwpEbGdrcN5Y29ycA,AdultMaleHuman
What Dreams May Come,Mx4rvViJb5wpEbGdrcN5Y29ycA,Novel-CW
Diplomatic Immunity (novel),Mx4rvViJb5wpEbGdrcN5Y29ycA,Novel-CW
Andrew Ginsburg,Mx4rvVjHlJwpEbGdrcN5Y29ycA,Comedian
Beavan's Hill,Mx4rv33BppwpEbGdrcN5Y29ycA,Village
Sam Rapira,Mx4rvViAkpwpEbGdrcN5Y29ycA,Person
Pallipalayam Agraharam,Mx4rvVjnZ5wpEbGdrcN5Y29ycA,City
Pooluvapatti,Mx4rvVjnZ5wpEbGdrcN5Y29ycA,City
Ilona Massey,Mx4rvVjaHZwpEbGdrcN5Y29ycA,Actor
Robert Cohen (writer),Mx4rSyH0jhJbEd2AAADggVfs8g,Person-3050
Regent Theatre (Ipswich),Mx4rvVidpZwpEbGdrcN5Y29ycA,ConstructionArtifact
Administrative divisions of Tomsk Oblast,Mx4rbFoHaMb1EdmAAAACs6hRjg,AdministrativeDistrict
Merbok,Mx4rrPJDpCTfQdeS8IqP1a0lBw,PopulatedPlace
Tempa,Mx4rwNdapZwpEbGdrcN5Y29ycA,RecordCompany
Ibn Muʿādh al-Jayyānī,Mx4rvVj755wpEbGdrcN5Y29ycA,Scientist
At Mister Kelly's,Mx4rrCLPHuYRQdaYGdGb966k4g,LiveAlbum-CW
Frederick Henderson,Mx4r1_WUCnWaQdeEdp-4peq4Og,Graduate
The Healer (album),Mx4rwLmi3JwpEbGdrcN5Y29ycA,Album-CW
SimBin Studios,Mx4rvVjQNpwpEbGdrcN5Y29ycA,Business
Bruce Swedien,Mx4rwMcZI5wpEbGdrcN5Y29ycA,Artist
Lewis Neal,Mx4rvViAkpwpEbGdrcN5Y29ycA,Person
Dabney Donovan,Mx4rwHKvgpwpEbGdrcN5Y29ycA,FictionalCharacter
Thupatemee Stadium,Mx4rvVjtnZwpEbGdrcN5Y29ycA,Stadium
Turbigo,Mx4rvVjnZ5wpEbGdrcN5Y29ycA,City
Arta Terme,Mx4rvVjnZ5wpEbGdrcN5Y29ycA,City
The Mighty Avengers,Mx4rwMeg6JwpEbGdrcN5Y29ycA,ComicBookSeries
Earl Winfield,Mx4rSyH0jhJbEd2AAADggVfs8g,Person-3050
Old Pinellas County Courthouse,Mx4rwQr1N5wpEbGdrcN5Y29ycA,Courthouse
Bombus fraternus,Mx4r5lNPkMLgQdeAzr878CoUZw,NonHumanAnimal
Tailed tailless bat,Mx4r5lNPkMLgQdeAzr878CoUZw,NonHumanAnimal
The Last Theorem,Mx4rvViJb5wpEbGdrcN5Y29ycA,Novel-CW
Mercy Harbison,Mx4rvVix8ZwpEbGdrcN5Y29ycA,AdultFemaleHuman
Gravedigger (song),Mx4rv6i4pJwpEbGdrcN5Y29ycA,SingleRecording-CW
Arnst River,Mx4rvVkHM5wpEbGdrcN5Y29ycA,River
Kevan Gosper,Mx4rvV8agJwpEbGdrcN5Y29ycA,CommitteeMember
Trinity Blood,Mx4rvViJb5wpEbGdrcN5Y29ycA,Novel-CW
Peter Eastman (software engineer),Mx4rSyH0jhJbEd2AAADggVfs8g,Person-3050
Alter Natives,Mx4rwMcZI5wpEbGdrcN5Y29ycA,Artist
Richard Cecil (courtier),Mx4rSyH0jhJbEd2AAADggVfs8g,Person-3050
Songs the Lord Taught Us,Mx4rwLmi3JwpEbGdrcN5Y29ycA,Album-CW
Kern Valley State Prison,Mx4rQjPWFMh5EdmAAAACs6hRjg,Institution
Pekka Sammallahti,Mx4rSyH0jhJbEd2AAADggVfs8g,Person-3050
Turner Museum of Glass,Mx4rvViEOJwpEbGdrcN5Y29ycA,Museum-Organization
Ikuo Sekimoto,Mx4rvViAkpwpEbGdrcN5Y29ycA,Person
Ray Krebbs,Mx4rwPzQ6pwpEbGdrcN5Y29ycA,BusinessPerson
Ferry de Haan,Mx4rvVkDmZwpEbGdrcN5Y29ycA,SoccerPlayer
Béziers Cap d'Agde Airport,Mx4rvVj-r5wpEbGdrcN5Y29ycA,Airport-Physical
US Marseille Endoume,Mx4rvVjywJwpEbGdrcN5Y29ycA,NightClub
Chavarri Palace,Mx4rvVjpbJwpEbGdrcN5Y29ycA,PalaceBuilding
Himalaya Studios,Mx4rvVjQNpwpEbGdrcN5Y29ycA,Business
Vazgen Azrojan,Mx4rvrL9TJwpEbGdrcN5Y29ycA,FigureSkater
WKYE,Mx4rQjPWFMh5EdmAAAACs6hRjg,Institution
George Hamilton (MP),Mx8NhB4rvcD6KJwpEbGdrcN5Y29ycB4rvsaaeJwpEbGdrcN5Y29ycB4rvViz-5wpEbGdrcN5Y29ycB4rvZGAFpwpEbGdrcN5Y29ycA,"[:SubcollectionOfWithRelationFromTypeFn, :""Agent-Generic"", :hasMembers, :MultiIndividualAgent]"
Tetrairidium dodecacarbonyl,Mx4rwTM58JwpEbGdrcN5Y29ycA,BuildingCluster
Franz Bischoff,Mx4rvVisSZwpEbGdrcN5Y29ycA,Painter-FineArtist
Desmond Koh,Mx4r1_WUCnWaQdeEdp-4peq4Og,Graduate
1st century BC in poetry,Mx4rvVjyV5wpEbGdrcN5Y29ycA,CalendarYear
Hare We Go,Mx4rv973YpwpEbGdrcN5Y29ycA,Movie-CW
10th/Osage (RTD),Mx4rv6ZmoZwpEbGdrcN5Y29ycA,RailroadStation
Hastings Gardens,Mx4rvVjv75wpEbGdrcN5Y29ycA,Garden
Vildan Atasever,Mx4rvVjaHZwpEbGdrcN5Y29ycA,Actor
Shocks and discontinuities (magnetohydrodynamics),Mx4r0o17spBYQdeYc40ztWs-AQ,ShockWave
42d Air Division,Mx4rMNnCADt6EdaAAACgye-oRQ,Division-MilitaryEchelon
The Garden (journal),Mx4rwQ7-8pwpEbGdrcN5Y29ycA,MagazineSeries
Chinhoyi High School,Mx4r3np2ODTxEdqAAAAH6RYvSQ,School-AcademicOrganization
Chris de Freitas,Mx4rvVj755wpEbGdrcN5Y29ycA,Scientist
Cambrian James,Mx4rSyH0jhJbEd2AAADggVfs8g,Person-3050
Imran Khan (Trinidad and Tobago cricketer),Mx4rvViAkpwpEbGdrcN5Y29ycA,Person
"Sedes Sapientiae, Leuven",Mx4rvVjHuJwpEbGdrcN5Y29ycA,ArtObject
PCAF,Mx4rvVjM3pwpEbGdrcN5Y29ycA,ProteinStuff
Hiroki Iikura,Mx4rSyH0jhJbEd2AAADggVfs8g,Person-3050
Nebraska Highway 67,Mx4rvVjVYZwpEbGdrcN5Y29ycA,Highway
Willanzheim,Mx4r06ySZMcYEdmAAAACs6hRjg,Municipality
Hunter Pence,Mx4rvVkI5ZwpEbGdrcN5Y29ycA,BaseballPlayer
Kilnwick,Mx4rv33BppwpEbGdrcN5Y29ycA,Village
"Roseville Township, Warren County, Illinois",Mx4rvuXm9JwpEbGdrcN5Y29ycA,Town
Texarkana (Amtrak station),Mx4rvVidpZwpEbGdrcN5Y29ycA,ConstructionArtifact
Jaroslav Filip,Mx4rvViAkpwpEbGdrcN5Y29ycA,Person
Tadó,Mx4rrPJDpCTfQdeS8IqP1a0lBw,PopulatedPlace
Mistrato,Mx4r06ySZMcYEdmAAAACs6hRjg,Municipality
Anant Raje,Mx4rwQxF25wpEbGdrcN5Y29ycA,Architect
Ling Li (writer),Mx4rvVj7rpwpEbGdrcN5Y29ycA,Writer
Tony Crombie,Mx4rwQCSB5wpEbGdrcN5Y29ycA,Pianist
Jeff Lampkin,Mx4rvViAkpwpEbGdrcN5Y29ycA,Person
The Red Hand Gang,Mx4rvj_X65wpEbGdrcN5Y29ycA,TVSeriesProduct
Hirosaki University,Mx4rQjPWFMh5EdmAAAACs6hRjg,Institution
National Chinese Orchestra Taiwan,Mx4rvVij7ZwpEbGdrcN5Y29ycA,MusicPerformanceOrganization
Pennsylvania Route 160,Mx4rvVjVYZwpEbGdrcN5Y29ycA,Highway
Biurists,Mx4ricIx-Bk3QdifDqwFbZVelw,Scholar
G. F. Newman,Mx4rR-GpAisyEdiaugAH6RYvVQ,Producer
Phellinus ferreus,Mx4rvViZCZwpEbGdrcN5Y29ycA,Fungus
Miszla,Mx4rrPJDpCTfQdeS8IqP1a0lBw,PopulatedPlace
Richard S. Arnold,Mx4r1_WUCnWaQdeEdp-4peq4Og,Graduate
Charlie Hoag,Mx4rvVjtBpwpEbGdrcN5Y29ycA,FootballPlayer-American
Nicola Capocci,Mx4rvVisVJwpEbGdrcN5Y29ycA,ItalianPerson
Heimbach (Nahe),Mx4r06ySZMcYEdmAAAACs6hRjg,Municipality
"Ocampo, Guanajuato",Mx4r06ySZMcYEdmAAAACs6hRjg,Municipality
Phil J. Welch,Mx4rvViAkpwpEbGdrcN5Y29ycA,Person
2007–08 Memphis Grizzlies season,Mx4rvgEUH5wpEbGdrcN5Y29ycA,CalendarSeasonType
Árpád Vajda,Mx4rvViAkpwpEbGdrcN5Y29ycA,Person
Hoskins Brothers Ales,Mx4rvVjQNpwpEbGdrcN5Y29ycA,Business
Magnus Tate,Mx4rvVjLMJwpEbGdrcN5Y29ycA,Lawyer
Tim Jackman,Mx4rvViAkpwpEbGdrcN5Y29ycA,Person
M.L. Liebler,Mx4rSyH0jhJbEd2AAADggVfs8g,Person-3050
Wright Solar,Mx4rvVi0v5wpEbGdrcN5Y29ycA,Bus-RoadVehicle
Chaunus atacamensis,Mx4rvVjgJJwpEbGdrcN5Y29ycA,Amphibian
Stumpffia tetradactyla,Mx4r5lNPkMLgQdeAzr878CoUZw,NonHumanAnimal
Leptotila,Mx4rvVian5wpEbGdrcN5Y29ycA,BiologicalGenus
Rusty-breasted Wren-Babbler,Mx4rvVi8SJwpEbGdrcN5Y29ycA,Bird
Network motif,Mx4rvVirUZwpEbGdrcN5Y29ycA,ComputerNetwork
Arkansia,Mx4rvVian5wpEbGdrcN5Y29ycA,BiologicalGenus
China Molybdenum,Mx4rvb_pYpwpEbGdrcN5Y29ycA,Warrant-Writ
Forget About the World,Mx4rwP3teJwpEbGdrcN5Y29ycA,Song-CW
James Dixon (American football),Mx4rvVkDmZwpEbGdrcN5Y29ycA,SoccerPlayer
United Nations Security Council Resolution 133,Mx4r_9NzUOi9EdmAAAACs4vPlg,UNSecurityCouncilResolution
Polyceratocarpus scheffleri,Mx4rvVjG4ZwpEbGdrcN5Y29ycA,Plant
ASTM F 1915,Mx4rtiEkBizjQdicSd6q-NEThQ,Criterion
Marvel Legends Showdown,Mx4rvkS9GZwpEbGdrcN5Y29ycA,Game
List of Canadian Soccer League seasons,Mx4reRavYrKQEd2AAAAhm0jtOQ,FootballSeason
Bolton TIC,Mx4rvVidpZwpEbGdrcN5Y29ycA,ConstructionArtifact
Eljas,Mx4r06ySZMcYEdmAAAACs6hRjg,Municipality
Bayonne ham,Mx4rvVkFYpwpEbGdrcN5Y29ycA,Product
Nastro d'Argento for Best Supporting Actor,Mx4rvVjcNpwpEbGdrcN5Y29ycA,AwardPractice
"San Antonio, Oakland, California",Mx4rrPJDpCTfQdeS8IqP1a0lBw,PopulatedPlace
The Peppermint Rainbow,Mx4rvVij7ZwpEbGdrcN5Y29ycA,MusicPerformanceOrganization
Angel (Ohio Players album),Mx4rwLmi3JwpEbGdrcN5Y29ycA,Album-CW
Budhan Khuh,Mx4rrPJDpCTfQdeS8IqP1a0lBw,PopulatedPlace
Samuel Palermo,Mx4rtUDYBLrMEdaAAAACs6Mw3A,IntelligenceOperative
Cugir River,Mx4rvVkHM5wpEbGdrcN5Y29ycA,River
JimJam,Mx4rwQCRppwpEbGdrcN5Y29ycA,TelevisionStation
Myiagros,Mx4rvVjrCJwpEbGdrcN5Y29ycA,God
Fernando Guillén Cuervo,Mx4rvVjaHZwpEbGdrcN5Y29ycA,Actor
Pesceana River (Olt),Mx4rvVkHM5wpEbGdrcN5Y29ycA,River
Drum key,Mx4rvViS45wpEbGdrcN5Y29ycA,PercussionInstrument
The Reader (2008 film),Mx4rv973YpwpEbGdrcN5Y29ycA,Movie-CW
Luke's Trolley Troubles,Mx4rvVkB4ZwpEbGdrcN5Y29ycA,PhotographicFilm
Bennet (supermarket),Mx4rvVjQNpwpEbGdrcN5Y29ycA,Business
The Rajah,Mx4rwBoeX5wpEbGdrcN5Y29ycA,ComedyMovie
"Jankowa, Lower Silesian Voivodeship",Mx4rv33BppwpEbGdrcN5Y29ycA,Village
The Bonnie Brier Bush,Mx4rvVkB4ZwpEbGdrcN5Y29ycA,PhotographicFilm
Karin Kjølmoen,Mx4rvViAkpwpEbGdrcN5Y29ycA,Person
Boban Nikolić,Mx4rvViAkpwpEbGdrcN5Y29ycA,Person
Adirondack Museum,Mx4rvVjzh5wpEbGdrcN5Y29ycA,LibrarySpace
David Magradze,Mx4rvViAkpwpEbGdrcN5Y29ycA,Person
Thank God for Believers,Mx4rwQiJXpwpEbGdrcN5Y29ycA,Album-IBO
Afore Night Come,Mx4rvViIrpwpEbGdrcN5Y29ycA,PlayScript
Luzia Woman,Mx4rvViAkpwpEbGdrcN5Y29ycA,Person
Dan Sherman,Mx4rvVkI5ZwpEbGdrcN5Y29ycA,BaseballPlayer
Suranga Chandratillake,Mx4rSyH0jhJbEd2AAADggVfs8g,Person-3050
Antonio Argilés,Mx4roguCorrMEdaAAAACs6Mw3A,DefenseAttorney
Tonton Susanto,Mx4rhYldfLWvEd2AAAAhm0vLxw,Cyclist-Athlete
Gerry McDougall,Mx4rvVkDmZwpEbGdrcN5Y29ycA,SoccerPlayer
Council for German Orthography,Mx4rvVj7KJwpEbGdrcN5Y29ycA,Building
Gaetano Koch,Mx4rwQxF25wpEbGdrcN5Y29ycA,Architect
"Prem Nagar, Uttarakhand",Mx4rv33BppwpEbGdrcN5Y29ycA,Village
Thorney RUFC,Mx4rvViwbJwpEbGdrcN5Y29ycA,SportsTeam
Alojz Gradnik,Mx4rvVi08ZwpEbGdrcN5Y29ycA,Translator
301st Airlift Squadron,Mx4rIlMG-HS8EdaAAACgyZzFrg,Squadron-MilitaryEchelon
Lustwandel,Mx4rwLmi3JwpEbGdrcN5Y29ycA,Album-CW
Artgal mac Cathail,Mx4rvVjnNpwpEbGdrcN5Y29ycA,King-HeadOfState
Vittorio Cecchi Gori,Mx4rvssetJwpEbGdrcN5Y29ycA,Producer-Movie
The Secret Life of Happy People,Mx4rv973YpwpEbGdrcN5Y29ycA,Movie-CW
Silagiu River,Mx4rvVkHM5wpEbGdrcN5Y29ycA,River
This Time I Almost Made It,Mx4rwLmi3JwpEbGdrcN5Y29ycA,Album-CW
James Losh,Mx4rvVjLMJwpEbGdrcN5Y29ycA,Lawyer
Weller Hauraki,Mx4rvViAkpwpEbGdrcN5Y29ycA,Person
General Assembly (horse),Mx4rdDJ92McaEdmAAAACs6hRjg,Racehorse
Cengiz Akyıldız,Mx4rvVjL0JwpEbGdrcN5Y29ycA,IceHockeyPlayer
"William Willard Gibson, Jr.",Mx4rSyH0jhJbEd2AAADggVfs8g,Person-3050
393d Bomb Squadron,Mx4rIlMG-HS8EdaAAACgyZzFrg,Squadron-MilitaryEchelon
NetherLines,Mx4rvViq7pwpEbGdrcN5Y29ycA,AirlineCompany
4957 Brucemurray,Mx4rvVjB1JwpEbGdrcN5Y29ycA,Asteroid
7727 Chepurova,Mx4rvVjB1JwpEbGdrcN5Y29ycA,Asteroid
Kristiina Brask,Mx4rSyH0jhJbEd2AAADggVfs8g,Person-3050
Eyeglass Cirque,Mx4rvVjORZwpEbGdrcN5Y29ycA,TopographicalFeature
Thomson High School,Mx4rvVjsgZwpEbGdrcN5Y29ycA,HighSchool
31043 Sturm,Mx4rvVjB1JwpEbGdrcN5Y29ycA,Asteroid
Tacoma Opera,Mx4rvVij7ZwpEbGdrcN5Y29ycA,MusicPerformanceOrganization
Rich Fownes,Mx4rSyH0jhJbEd2AAADggVfs8g,Person-3050
MV St Helen,Mx4rwQCasJwpEbGdrcN5Y29ycA,Ferry
CWC15,Mx4rvVjM3pwpEbGdrcN5Y29ycA,ProteinStuff
Claire Waldoff,Mx4rvViAkpwpEbGdrcN5Y29ycA,Person
Kevin Langley,Mx4rvVkDmZwpEbGdrcN5Y29ycA,SoccerPlayer
Bruce Squires,Mx4rvVisB5wpEbGdrcN5Y29ycA,Musician
Pat Flowers,Mx4rvVjiz5wpEbGdrcN5Y29ycA,Singer
Marina Timofeieva,Mx4rvVjgjJwpEbGdrcN5Y29ycA,Dancer-Performer
Brig o' Doon,Mx4rvgD1IZwpEbGdrcN5Y29ycA,Bridge
Bulken Station,Mx4rv6ZmoZwpEbGdrcN5Y29ycA,RailroadStation
Jalan Kampung Seberang,Mx4rvyNjbZwpEbGdrcN5Y29ycA,Roadway
Tussock (grass),Mx4rvViZVpwpEbGdrcN5Y29ycA,Grass-Plant
Pluteo 29.1,Mx4rTFCPhMcbEdmAAAACs6hRjg,Manuscript-Handwritten
Lennart Ljung,Mx4rvVkBWpwpEbGdrcN5Y29ycA,Engineer
Hoplocorypha cacomana,Mx4r5lNPkMLgQdeAzr878CoUZw,NonHumanAnimal
Acromantis hesione,Mx4rvVi495wpEbGdrcN5Y29ycA,Insect
Wickman,Mx4rv2Wq-ZwpEbGdrcN5Y29ycA,HumanSurname
Panieńszczyzna,Mx4rv33BppwpEbGdrcN5Y29ycA,Village
Ownham,Mx4rv33BppwpEbGdrcN5Y29ycA,Village
Haydenville Historic District,Mx4rv33BppwpEbGdrcN5Y29ycA,Village
Żyłki,Mx4rv33BppwpEbGdrcN5Y29ycA,Village
Wola Jasienicka,Mx4rv33BppwpEbGdrcN5Y29ycA,Village
Pēteris Lauks,Mx4rvVkDmZwpEbGdrcN5Y29ycA,SoccerPlayer
Williamson Flat Twin,Mx4rvVkEdJwpEbGdrcN5Y29ycA,Motorcycle
Mayumi,Mx4rvVjoEJwpEbGdrcN5Y29ycA,HumanGivenNameString
Saca Chispas,Mx4rrPJDpCTfQdeS8IqP1a0lBw,PopulatedPlace
Bengbu Medical College,Mx4rvViNQZwpEbGdrcN5Y29ycA,EducationalOrganization
Deluxe Comics,Mx4rvViKZJwpEbGdrcN5Y29ycA,PublishingCompany
Lene Mykjåland,Mx4rwQB295wpEbGdrcN5Y29ycA,ChristianPerson
Siegfried Bettmann,Mx4rcSllnCxOQdiI0P90K7qpmQ,Expatriate
"Chelsea, Dutchess County, New York",Mx4rv33BppwpEbGdrcN5Y29ycA,Village
Crossroads: Cruce de Caminos,Mx4rwLmi3JwpEbGdrcN5Y29ycA,Album-CW
Miodusy,Mx4rv33BppwpEbGdrcN5Y29ycA,Village
George Guthrie (athlete),Mx4rvVi--5wpEbGdrcN5Y29ycA,Athlete
Boeing Machinists Strike of 2008,Mx4rvVjz15wpEbGdrcN5Y29ycA,DisputeEvent
Stasiopole,Mx4rv33BppwpEbGdrcN5Y29ycA,Village
Gregory Doran,Mx4rSyH0jhJbEd2AAADggVfs8g,Person-3050
Pitchfork (hand gesture),Mx4rvVj2I5wpEbGdrcN5Y29ycA,MakingAGesture
The Monk by the Sea,Mx4rvVjHfpwpEbGdrcN5Y29ycA,Painting-ArtForm
Knitting (film),Mx4rv973YpwpEbGdrcN5Y29ycA,Movie-CW
Purse hook,Mx4rvVjO5JwpEbGdrcN5Y29ycA,ClothingAccessory
Dalfsen railway station,Mx4rv6ZmoZwpEbGdrcN5Y29ycA,RailroadStation
"Arnaha, Sagarmatha",Mx4rrPJDpCTfQdeS8IqP1a0lBw,PopulatedPlace
"Sveti Andrej, Škofja Loka",Mx4rrPJDpCTfQdeS8IqP1a0lBw,PopulatedPlace
Guatemala national futsal team,Mx4rvmggJ5wpEbGdrcN5Y29ycA,NationalSportsTeam
Bardol,Mx4rv33BppwpEbGdrcN5Y29ycA,Village
Olinalá,Mx4rrPJDpCTfQdeS8IqP1a0lBw,PopulatedPlace
Wolfgang Brinkmann,Mx4rvViAkpwpEbGdrcN5Y29ycA,Person
Taiwan Nougat Museum,Mx4rvVidpZwpEbGdrcN5Y29ycA,ConstructionArtifact
Jerzy Putrament,Mx4rPKHIyry6EdmAAAACs6hRjg,Collaborator
Operation Geranium,Mx4rvhxFJZwpEbGdrcN5Y29ycA,MilitaryOperation
San Pedro Jácuaro,Mx4rrPJDpCTfQdeS8IqP1a0lBw,PopulatedPlace
A Colt 45 Christmas,Mx4rwLmi3JwpEbGdrcN5Y29ycA,Album-CW
Synogać,Mx4rv33BppwpEbGdrcN5Y29ycA,Village
Róża Mała,Mx4rv33BppwpEbGdrcN5Y29ycA,Village
Dogville Comedies,Mx4rwBoeX5wpEbGdrcN5Y29ycA,ComedyMovie
Maréna Diombougou,Mx4rrPJDpCTfQdeS8IqP1a0lBw,PopulatedPlace
James Hume (cricketer),Mx4r7vjP4RuaEd2f4ADggVfexA,Cricketer
Agyriaceae,Mx4rvVjLLJwpEbGdrcN5Y29ycA,BiologicalFamily
Joe Goyder,Mx4rvViXA5wpEbGdrcN5Y29ycA,Boxer
"Stanki, Opole Voivodeship",Mx4rv33BppwpEbGdrcN5Y29ycA,Village
Guiyang Medical University,Mx4rvViNQZwpEbGdrcN5Y29ycA,EducationalOrganization
All About Lulu,Mx4rvViJb5wpEbGdrcN5Y29ycA,Novel-CW
Let My Pride Be What's Left Behind,Mx4rwLmi3JwpEbGdrcN5Y29ycA,Album-CW
Hérodote,Mx4rvVjBvZwpEbGdrcN5Y29ycA,PublishedMaterial
"Kamionka, Stargard County",Mx4rv33BppwpEbGdrcN5Y29ycA,Village
"Chợ Mới, An Giang",Mx4rrPJDpCTfQdeS8IqP1a0lBw,PopulatedPlace
The Best of John Fahey 1959–1977,Mx4rwLmi3JwpEbGdrcN5Y29ycA,Album-CW
Prince Mikhail Cantacuzène,Mx4rSyH0jhJbEd2AAADggVfs8g,Person-3050
Paracetopsis esmeraldas,Mx4rvVjfU5wpEbGdrcN5Y29ycA,Fish
Ferdinand Schumann-Heink,Mx4rvVjaHZwpEbGdrcN5Y29ycA,Actor
Jalkanen,Mx4rv2Wq-ZwpEbGdrcN5Y29ycA,HumanSurname
1993–94 Segunda División B,Mx4reRavYrKQEd2AAAAhm0jtOQ,FootballSeason
Johan van Scharphuizen,Mx4rvfxNJZwpEbGdrcN5Y29ycA,StateGovernor
Aravana,Mx4rvViGr5wpEbGdrcN5Y29ycA,Dancing
Stewart Aqueduct,Mx4rvVjzcZwpEbGdrcN5Y29ycA,Canal
1984–85 New Jersey Devils season,Mx4rvgEUH5wpEbGdrcN5Y29ycA,CalendarSeasonType
Arthur Sze,Mx4rvViAkpwpEbGdrcN5Y29ycA,Person
Akin Düzakin,Mx4rGjGfXF6OQdmPddsPwm3wxw,Publisher-Occupation
Lake Pueblo State Park,Mx4rwQwoOJwpEbGdrcN5Y29ycA,USStatePark
Haikou−Wenchang Expressway,Mx4rvVjVYZwpEbGdrcN5Y29ycA,Highway
Pauline Léon,Mx4rvViAkpwpEbGdrcN5Y29ycA,Person
Strand Home Video,Mx4rvVjQNpwpEbGdrcN5Y29ycA,Business
Ted Chabasinski,Mx4rSyH0jhJbEd2AAADggVfs8g,Person-3050
Lagrangian mechanics,Mx4rwA6F5ZwpEbGdrcN5Y29ycA,Mechanic
Johan Bengtsson,Mx4rvVisB5wpEbGdrcN5Y29ycA,Musician
Julie Curwin,Mx4rSyH0jhJbEd2AAADggVfs8g,Person-3050
USS Althea (SP-218),Mx4rvVi-55wpEbGdrcN5Y29ycA,Watercraft
Burg Neuhaus bei Stubenberg,Mx4rvgEGtpwpEbGdrcN5Y29ycA,Castle
Una River (Paraíba),Mx4rvVkHM5wpEbGdrcN5Y29ycA,River
Kinsac Lake,Mx4rvVi4IpwpEbGdrcN5Y29ycA,Lake
Cerro de La Isla,Mx4rvVjODZwpEbGdrcN5Y29ycA,Mountain
Walter Presch,Mx4rvViAkpwpEbGdrcN5Y29ycA,Person
Kickapoo Downtown Airport,Mx4rvVidpZwpEbGdrcN5Y29ycA,ConstructionArtifact
M1 highway (Belarus),Mx4rvyNjbZwpEbGdrcN5Y29ycA,Roadway
Belgian Eifel,Mx4rvVkKUJwpEbGdrcN5Y29ycA,Volcano
Mia Presley,Mx4rvViAkpwpEbGdrcN5Y29ycA,Person
McMillen High School,Mx4rvVjsgZwpEbGdrcN5Y29ycA,HighSchool
Eremicola,Mx4rvVian5wpEbGdrcN5Y29ycA,BiologicalGenus
Tshepo Motlhabankwe,Mx4rvVkDmZwpEbGdrcN5Y29ycA,SoccerPlayer
Chitta Katha Lake,Mx4rvVi4IpwpEbGdrcN5Y29ycA,Lake
Road 72 (Iran),Mx4rvyNjbZwpEbGdrcN5Y29ycA,Roadway
Yetmen,Mx4rrPJDpCTfQdeS8IqP1a0lBw,PopulatedPlace
Institute of Asian and African Countries,Mx4rvVi3N5wpEbGdrcN5Y29ycA,FieldOfStudy
Ted Roop,Mx4rvy3DbpwpEbGdrcN5Y29ycA,RadioPersonality
RAF 2,Mx4rvVjOxJwpEbGdrcN5Y29ycA,Engine
Petra Santy,Mx4rSyH0jhJbEd2AAADggVfs8g,Person-3050
List of saints of Ireland,Mx4rwQCWO5wpEbGdrcN5Y29ycA,Saint
Denon Records,Mx4rwNdapZwpEbGdrcN5Y29ycA,RecordCompany
Ogu/Bolo,Mx4rrPJDpCTfQdeS8IqP1a0lBw,PopulatedPlace
Turnback The Alarm Handicap,Mx4rv6tMRpwpEbGdrcN5Y29ycA,HorseRacingEvent
Damien Le Tallec,Mx4rSyH0jhJbEd2AAADggVfs8g,Person-3050
John Mason (historian),Mx4r1_WUCnWaQdeEdp-4peq4Og,Graduate
"Northern Cyprus parliamentary election, 2003",Mx4rwQrmEZwpEbGdrcN5Y29ycA,Election
Black Peter (film),Mx4rvVkB4ZwpEbGdrcN5Y29ycA,PhotographicFilm
Gregor Duncan (artist),Mx4robUeoyBKEdiRAAACs5b6Bw,Illustrator
National History Museum of Moldova,Mx4rvVidpZwpEbGdrcN5Y29ycA,ConstructionArtifact
Norker,Mx4rvViQ1JwpEbGdrcN5Y29ycA,Android
Denson Devadas,Mx4rvViAkpwpEbGdrcN5Y29ycA,Person
Minuscule 580,Mx4rTFCPhMcbEdmAAAACs6hRjg,Manuscript-Handwritten
It's Called Life,Mx4rwLmi3JwpEbGdrcN5Y29ycA,Album-CW
Mambas Noirs FC,Mx4rvbgsJ5wpEbGdrcN5Y29ycA,Club-TheSuit
Maine Mor Ó Cellaigh,Mx4rvViAkpwpEbGdrcN5Y29ycA,Person
(7916) 1981 EN,Mx4rvVjB1JwpEbGdrcN5Y29ycA,Asteroid
"Judith of Bavaria, Duchess of Swabia",Mx4rwOcFjJwpEbGdrcN5Y29ycA,Duchess
Glaslyn Osprey Project,Mx4rbXHMfAnoEdqAAAACs0x8nw,NatureReserve
I G Inspector General,Mx4rv973YpwpEbGdrcN5Y29ycA,Movie-CW
Adir Maman,Mx4rvVkDmZwpEbGdrcN5Y29ycA,SoccerPlayer
List of most common surnames in Central America,Mx4rv2Wq-ZwpEbGdrcN5Y29ycA,HumanSurname
Eytan Mirsky,Mx4rSyH0jhJbEd2AAADggVfs8g,Person-3050
Porfirio López,Mx4rvViAkpwpEbGdrcN5Y29ycA,Person
Jenniskens,Mx4rv2Wq-ZwpEbGdrcN5Y29ycA,HumanSurname
Muthithi,Mx4rrPJDpCTfQdeS8IqP1a0lBw,PopulatedPlace
John McReady,Mx4rSyH0jhJbEd2AAADggVfs8g,Person-3050
Stefano Braschi,Mx4rvVkKcpwpEbGdrcN5Y29ycA,Referee
Moombahton,Mx4rioU-FHSwEdaAAACgyZzFrg,MusicalCompositionTypeByGenre
2010 Auckland Rugby League season,Mx4rvgEUH5wpEbGdrcN5Y29ycA,CalendarSeasonType
Los Pirpintos,Mx4rrPJDpCTfQdeS8IqP1a0lBw,PopulatedPlace
Redemption (White Heart album),Mx4rwLmi3JwpEbGdrcN5Y29ycA,Album-CW
Vodacom Soccer Spectacular,Mx4rvViAGpwpEbGdrcN5Y29ycA,Competition
Exallias brevis,Mx4rvVian5wpEbGdrcN5Y29ycA,BiologicalGenus
"Masonic Temple (Columbus, Ohio)",Mx4rvVidpZwpEbGdrcN5Y29ycA,ConstructionArtifact
Articulata (Brachiopoda),Mx4rvVji6JwpEbGdrcN5Y29ycA,BiologicalTaxon
Heathcote Brook,Mx4rvVkHM5wpEbGdrcN5Y29ycA,River
The Red Menace (The Shadow),Mx4rvViJ9ZwpEbGdrcN5Y29ycA,Story
Skärjån,Mx4rvVkHM5wpEbGdrcN5Y29ycA,River
Jindai-ji,Mx4rvgDGwJwpEbGdrcN5Y29ycA,BuddhistTemple
Cyril Coote,Mx4rvViAkpwpEbGdrcN5Y29ycA,Person
Višnjica (Kiseljak),Mx4rrPJDpCTfQdeS8IqP1a0lBw,PopulatedPlace
Gratien Le Père,Mx4rvVj6iZwpEbGdrcN5Y29ycA,CivilEngineer
Hounslow Priory,Mx4rvnwexpwpEbGdrcN5Y29ycA,Monastery-Organization
"St Petersburg, New Zealand",Mx4rvVj8QZwpEbGdrcN5Y29ycA,SuburbanNeighborhood
Identity Theft Resource Center,Mx4rvViu6JwpEbGdrcN5Y29ycA,NonProfitOrganization
Anthony McCormack,Mx4rSyH0jhJbEd2AAADggVfs8g,Person-3050
Cape Borley,Mx4ryjTUsqrKEdqAAAAOpmP6tw,Headland
José Cuero,Mx4rvViAkpwpEbGdrcN5Y29ycA,Person
Stanley Doust,Mx4rvVj5IZwpEbGdrcN5Y29ycA,TennisPlayer
Lafarge Rocks,Mx4rvXjEMiTfQdeQH6duDrqoeQ,RockFormation
Freifjorden,Mx4rvViGYZwpEbGdrcN5Y29ycA,Fjord
Gudeliai,Mx4rvuXm9JwpEbGdrcN5Y29ycA,Town
Santa Fe (song),Mx4rwP3teJwpEbGdrcN5Y29ycA,Song-CW
Vaiea,Mx4rrPJDpCTfQdeS8IqP1a0lBw,PopulatedPlace
Raped by an Angel 2: The Uniform Fan,Mx4rv973YpwpEbGdrcN5Y29ycA,Movie-CW
Heather Masse,Mx4rvVisB5wpEbGdrcN5Y29ycA,Musician
Emiliano Romay,Mx4rvViAkpwpEbGdrcN5Y29ycA,Person
AIPH,Mx4rvVikupwpEbGdrcN5Y29ycA,DisplayingSomething
Greiner (surname),Mx4rv2Wq-ZwpEbGdrcN5Y29ycA,HumanSurname
Lee Ju-yeon,Mx4rvViAkpwpEbGdrcN5Y29ycA,Person
Johann Gottfried Büring,Mx4rwQxF25wpEbGdrcN5Y29ycA,Architect
"Matthew Howard, III",Mx4rvViAkpwpEbGdrcN5Y29ycA,Person
Game One,Mx4rwQCRppwpEbGdrcN5Y29ycA,TelevisionStation
Allyn Stout,Mx4rvVkIp5wpEbGdrcN5Y29ycA,BaseballPitcher
Jack Coveney,Mx4rvVkI5ZwpEbGdrcN5Y29ycA,BaseballPlayer
Tim Kubinski,Mx4rvVkI5ZwpEbGdrcN5Y29ycA,BaseballPlayer
1924 in Croatia,Mx4rvVjyV5wpEbGdrcN5Y29ycA,CalendarYear
Dreghorn Barracks,Mx4r1n91NLi3EdmAAAACs6hRjg,BuildingSomething-Supervising
Jhumur,Mx4rdUzR9nSwEdaAAACgyZzFrg,ObjectTypeByStyle
Red Eclipse,Mx4rvkS9GZwpEbGdrcN5Y29ycA,Game
List of roller hockey clubs,Mx4rvViYs5wpEbGdrcN5Y29ycA,HockeyTeam
1991 New Zealand rugby league season,Mx4rvgEUH5wpEbGdrcN5Y29ycA,CalendarSeasonType
Farhat Hotel,Mx4rvViIe5wpEbGdrcN5Y29ycA,HotelBuilding
2011 Utah State Aggies football team,Mx4reRavYrKQEd2AAAAhm0jtOQ,FootballSeason
Galoot,Mx4rv973YpwpEbGdrcN5Y29ycA,Movie-CW
Beijing People's Art Theatre,Mx4rvViwqZwpEbGdrcN5Y29ycA,MovieTheaterSpace
347th Fighter Squadron,Mx4rIlMG-HS8EdaAAACgyZzFrg,Squadron-MilitaryEchelon
Al-Qudaibiya Palace,Mx4rvVidpZwpEbGdrcN5Y29ycA,ConstructionArtifact
Rob Heeney,Mx4rvVj5IZwpEbGdrcN5Y29ycA,TennisPlayer
Johann Otto von Gemmingen,Mx4rwN8hS5wpEbGdrcN5Y29ycA,Bishop-Clerical
Dunav Zone League,Mx4rvViAGpwpEbGdrcN5Y29ycA,Competition
Haji Laq Laq,Mx4rvftqlZwpEbGdrcN5Y29ycA,Poet
Corsica River,Mx4rvVkHM5wpEbGdrcN5Y29ycA,River
Sebastián Pereyra,Mx4rvViAkpwpEbGdrcN5Y29ycA,Person
Juan Pablo Gómez,Mx4rSyH0jhJbEd2AAADggVfs8g,Person-3050
Liliane Klapisch,Mx4rSyH0jhJbEd2AAADggVfs8g,Person-3050
Florida Hospital East,Mx4rvViRwZwpEbGdrcN5Y29ycA,Hospital
M. K. Ashok,Mx4rSyH0jhJbEd2AAADggVfs8g,Person-3050
William Henry Hyett,Mx8NhB4rvcD6KJwpEbGdrcN5Y29ycB4rvsaaeJwpEbGdrcN5Y29ycB4rvViz-5wpEbGdrcN5Y29ycB4rvZGAFpwpEbGdrcN5Y29ycA,"[:SubcollectionOfWithRelationFromTypeFn, :""Agent-Generic"", :hasMembers, :MultiIndividualAgent]"
"Fourth Church of Christ, Scientist (New York City)",Mx4r8xiK9h5sQdecO7LzXLQRKw,Synagogue-Building
(16473) 1990 QF2,Mx4rvVjReJwpEbGdrcN5Y29ycA,AstronomicalObject
Radretumab,Mx4rImDPUpx2Ed2AAABQjYGu0g,AntibodyMolecule
Shelly Mars,Mx4rwQrkuJwpEbGdrcN5Y29ycA,Entertainer
Stig Larsson (author),Mx4rvViAkpwpEbGdrcN5Y29ycA,Person
European Universities Beach Volleyball Championships,Mx4rvnDzV5wpEbGdrcN5Y29ycA,DegreeGrantingHigherEducationInstitution
Richard L. Thompson,Mx4rwQBTypwpEbGdrcN5Y29ycA,HinduPerson
Outline of mathematics,Mx4rvVi3N5wpEbGdrcN5Y29ycA,FieldOfStudy
Neismecke,Mx4rvVkHM5wpEbGdrcN5Y29ycA,River
Sudbach,Mx4rvVkHM5wpEbGdrcN5Y29ycA,River
Terminal de Autobuses de Pasajeros de Oriente,Mx4rGyB6uGbnQdichKPFIDIErQ,BusStation
Danube company,Mx4rCy3mPCeFQdiLa4hejyKH4Q,Grocer
Abraham P. Hankins,Mx4rvVjPWZwpEbGdrcN5Y29ycA,Painter-Tradesperson
101869 (1999 MM),Mx4rvVjB1JwpEbGdrcN5Y29ycA,Asteroid
Buddy the Detective,Mx4rv973YpwpEbGdrcN5Y29ycA,Movie-CW
Acrobasis caryivorella,Mx4r5lNPkMLgQdeAzr878CoUZw,NonHumanAnimal
Endotricha rogenhoferi,Mx4r5lNPkMLgQdeAzr878CoUZw,NonHumanAnimal
Eucarphia vinetella,Mx4r5lNPkMLgQdeAzr878CoUZw,NonHumanAnimal
Avinger High School,Mx4rvVjkAJwpEbGdrcN5Y29ycA,MiddleSchool
John Beaumont (judge),Mx4rvVi68pwpEbGdrcN5Y29ycA,Judge
Terry Cryer,Mx4rSyH0jhJbEd2AAADggVfs8g,Person-3050
La Femme invisible,Mx4rv973YpwpEbGdrcN5Y29ycA,Movie-CW
Danny Shone,Mx4rvVkDmZwpEbGdrcN5Y29ycA,SoccerPlayer
"Soleymanabad, Qazvin",Mx4rrPJDpCTfQdeS8IqP1a0lBw,PopulatedPlace
Gorōyama kofun,Mx4r3lfHEp9UQdedLbKZHHn2tg,HistoryMuseum-Organization
Digitivalva luteola,Mx4r5lNPkMLgQdeAzr878CoUZw,NonHumanAnimal
Diploschizia seminolensis,Mx4r5lNPkMLgQdeAzr878CoUZw,NonHumanAnimal
Indian Day (Brazil),Mx4rvViAkpwpEbGdrcN5Y29ycA,Person
Hesp,Mx4rv2Wq-ZwpEbGdrcN5Y29ycA,HumanSurname
Bernard Callinan,Mx8NhB4rvcD6KJwpEbGdrcN5Y29ycB4rvViknpwpEbGdrcN5Y29ycB4rvVipeZwpEbGdrcN5Y29ycB4rvV50MZwpEbGdrcN5Y29ycA,"[:SubcollectionOfWithRelationFromTypeFn, :SocialBeing, :toPossessor, :ChangeInUserRights]"
Jim Smith (Nebraska politician),Mx4rvViAkpwpEbGdrcN5Y29ycA,Person
Elad Gabai,Mx4rvVkDmZwpEbGdrcN5Y29ycA,SoccerPlayer
Manual Gonsalus,Mx8NhB4rvcD6KJwpEbGdrcN5Y29ycB4rvViAkpwpEbGdrcN5Y29ycB4rdzoMHJmWEdaAAAACs1uxFx4rvViIeZwpEbGdrcN5Y29ycA,"[:SubcollectionOfWithRelationFromTypeFn, :Person, :immigrant, :Country]"
Come to the River,Mx4rwLmi3JwpEbGdrcN5Y29ycA,Album-CW
Samghan,Mx4rrPJDpCTfQdeS8IqP1a0lBw,PopulatedPlace
Thomas Smith (footballer),Mx4rvVkDmZwpEbGdrcN5Y29ycA,SoccerPlayer
Frances Packing House,Mx4rvVjiX5wpEbGdrcN5Y29ycA,FactoryBuilding
South Africa men's national under-18 ice hockey team,Mx4rvmggJ5wpEbGdrcN5Y29ycA,NationalSportsTeam
Stachys clingmanii,Mx4rvVjK65wpEbGdrcN5Y29ycA,BiologicalSpecies
Federation of Panamerica,Mx4rvVjVT5wpEbGdrcN5Y29ycA,Organization
Who Killed Lamb?,Mx4rv973YpwpEbGdrcN5Y29ycA,Movie-CW
Cornelius O'Callaghan,Mx8NhB4rvcD6KJwpEbGdrcN5Y29ycB4rvsaaeJwpEbGdrcN5Y29ycB4rvViz-5wpEbGdrcN5Y29ycB4rvZGAFpwpEbGdrcN5Y29ycA,"[:SubcollectionOfWithRelationFromTypeFn, :""Agent-Generic"", :hasMembers, :MultiIndividualAgent]"
Mordecai Sheftall,Mx4rwQB4UJwpEbGdrcN5Y29ycA,JewishPerson
"David Burns, Lord Burns",Mx4rvViAkpwpEbGdrcN5Y29ycA,Person
Ahmad-e Omran,Mx4rrPJDpCTfQdeS8IqP1a0lBw,PopulatedPlace
Cyclosia pieriodes,Mx4r5lNPkMLgQdeAzr878CoUZw,NonHumanAnimal
Short Changed,Mx4rv973YpwpEbGdrcN5Y29ycA,Movie-CW
"Lind Center, Wisconsin",Mx4rrPJDpCTfQdeS8IqP1a0lBw,PopulatedPlace
Orthotylus boreellus,Mx4r5lNPkMLgQdeAzr878CoUZw,NonHumanAnimal
Heribert Faßbender,Mx4rSyH0jhJbEd2AAADggVfs8g,Person-3050
Happy Valley Wuhan,Mx4rvVi1P5wpEbGdrcN5Y29ycA,AmusementPark
Nissar Trophy 2008-09,Mx4rvVi_spwpEbGdrcN5Y29ycA,SportsFormalCompetition
"Rutan, Iran",Mx4rrPJDpCTfQdeS8IqP1a0lBw,PopulatedPlace
Zard-e Sham,Mx4rrPJDpCTfQdeS8IqP1a0lBw,PopulatedPlace
All Rise (Naked Raygun album),Mx4rwLmi3JwpEbGdrcN5Y29ycA,Album-CW
Anapisa preussi,Mx4r5lNPkMLgQdeAzr878CoUZw,NonHumanAnimal
Jesse G. Vincent,Mx4rp0acsz9aTdyLFUGvl5IE-g,AutomotiveEngineer
Eran Malchin,Mx4rvViAkpwpEbGdrcN5Y29ycA,Person
Ambalal Jhaverbhai Patel,Mx4rvViqTJwpEbGdrcN5Y29ycA,Photographer
Gantt (surname),Mx4rv2Wq-ZwpEbGdrcN5Y29ycA,HumanSurname
Scarborough (surname),Mx4rv2Wq-ZwpEbGdrcN5Y29ycA,HumanSurname
Justin Ernest,Mx4rSyH0jhJbEd2AAADggVfs8g,Person-3050
Sangdan,Mx4rrPJDpCTfQdeS8IqP1a0lBw,PopulatedPlace
Maranda High School,Mx4r3np2ODTxEdqAAAAH6RYvSQ,School-AcademicOrganization
Bit Agusi,Mx4rvVjk55wpEbGdrcN5Y29ycA,IndependentCountry
Blue Water Trucking,Mx4rLRxwSjt6EdaAAACgye-oRQ,Company-MilitaryEchelon
Connor Hurley,Mx4rvViAkpwpEbGdrcN5Y29ycA,Person
2023 Cricket World Cup,Mx4rvVi_spwpEbGdrcN5Y29ycA,SportsFormalCompetition
1993 alleged Turkish military coup,Mx4rvx3ucJwpEbGdrcN5Y29ycA,Politics
Cape Chukotsky,Mx4ryjTUsqrKEdqAAAAOpmP6tw,Headland
Haylie Wagner,Mx4rSyH0jhJbEd2AAADggVfs8g,Person-3050
Rolando Barra,Mx4rSyH0jhJbEd2AAADggVfs8g,Person-3050
Ahmad Salar-e Kalat Tayebi,Mx4rrPJDpCTfQdeS8IqP1a0lBw,PopulatedPlace
Harpalus martini,Mx4r5lNPkMLgQdeAzr878CoUZw,NonHumanAnimal
7828 Noriyositosi,Mx4rvVjReJwpEbGdrcN5Y29ycA,AstronomicalObject
Rooftree,Mx4rv973YpwpEbGdrcN5Y29ycA,Movie-CW
Coloptilia conchylidella,Mx4r5lNPkMLgQdeAzr878CoUZw,NonHumanAnimal
Dennis Feldman,Mx4r1_WUCnWaQdeEdp-4peq4Og,Graduate
Fifty Years of Silence,Mx4rvbZoS5wpEbGdrcN5Y29ycA,Autobiography
Portuguese Handball Third Division,Mx4rvzrBuJwpEbGdrcN5Y29ycA,OrganizationOfOrganizations
Monster Retsuden Oreca Battle,Mx4rvkS9GZwpEbGdrcN5Y29ycA,Game
Neetho,Mx4rv973YpwpEbGdrcN5Y29ycA,Movie-CW
