American English,Mx4rvVizq5wpEbGdrcN5Y29ycA,LanguageDialect
Ann Widdecombe,Mx4rvVjntpwpEbGdrcN5Y29ycA,Politician
AOL Instant Messenger,Mx4rveR5tpwpEbGdrcN5Y29ycA,UserProgram
Arlo Guthrie,Mx4rwMRyTJwpEbGdrcN5Y29ycA,ActorInMovies
Badminton,Mx4rv49vb5wpEbGdrcN5Y29ycA,TeamSport
Blood,Mx4rvVjI8JwpEbGdrcN5Y29ycA,Blood
Book of Numbers,Mx4rvs6-dJwpEbGdrcN5Y29ycA,OldTestamentBook
Baghdad,Mx4rvVjylZwpEbGdrcN5Y29ycA,CapitalCityOfRegion
Council of Europe,Mx4rvcF1IpwpEbGdrcN5Y29ycA,InternationalOrganizationOfCountries
Connecticut,Mx4rrPJDpCTfQdeS8IqP1a0lBw,PopulatedPlace
Clitoris,Mx4rvVjr6ZwpEbGdrcN5Y29ycA,Clitoris
Cruise (automotive),Mx4rvtacVJwpEbGdrcN5Y29ycA,Cruise-Vacation
Dominoes,Mx4rvWQUQZwpEbGdrcN5Y29ycA,TableGame
Major depressive disorder,Mx4riQqkGkS3SjKyDgMdhMsm6Q,MajorDepressiveDisorder
Diocletian,Mx4rvVjdhJwpEbGdrcN5Y29ycA,Monarch-HeadOfState
Detroit (1920s NFL teams),Mx4rwI-jxJwpEbGdrcN5Y29ycA,MensSportsTeam
Embroidery,Mx4rvdgiqZwpEbGdrcN5Y29ycA,EmbroideryArtifact
MDMA,Mx4rwCTQWJwpEbGdrcN5Y29ycA,MDMA-TheStimulant
Fatty acid,Mx4rKvecjQAkRY6wAqkGkw-NOQ,FattyAcid
Frontline (U.S. TV series),Mx4rvj_X65wpEbGdrcN5Y29ycA,TVSeriesProduct
GNU Debugger,Mx4rvzmtx5wpEbGdrcN5Y29ycA,LocalProgram
Sequence,Mx4rvXgncpwpEbGdrcN5Y29ycA,CodingSequence-MolecularSegment
Killer whale,Mx4rvVjCW5wpEbGdrcN5Y29ycA,KillerWhale
Koi,Mx4rvVi76pwpEbGdrcN5Y29ycA,Carp
Union (Hungarian-German trade union council),Mx4rvVjkmJwpEbGdrcN5Y29ycA,County
Leonard Peltier,Mx4rvViAkpwpEbGdrcN5Y29ycA,Person
Lake Eyre,Mx4rwQ5c_ZwpEbGdrcN5Y29ycA,FreshWaterLake
Morocco,Mx4rvo_7PJwpEbGdrcN5Y29ycA,MaghrebCountry
Mao Zedong,Mx4rvVjnc5wpEbGdrcN5Y29ycA,HeadOfState
Microscopium,Mx4rwPuslJwpEbGdrcN5Y29ycA,Constellation
Mousse,Mx4r4fJ30CcMEdaAAABQ2rksLw,Mousse
Nokia,Mx4rvViSTpwpEbGdrcN5Y29ycA,LargeIncorporatedBusiness
New Zealand Defence Force,Mx4rvV81VZwpEbGdrcN5Y29ycA,GovernmentMilitaryOrganization
Nuclear reactor,Mx4rwJH52JwpEbGdrcN5Y29ycA,NuclearReactor
Oklahoma,Mx4rvVjkmJwpEbGdrcN5Y29ycA,County
Paula Abdul,Mx4rvVjiz5wpEbGdrcN5Y29ycA,Singer
Programmer,Mx4rvVjN-JwpEbGdrcN5Y29ycA,ComputerProgrammer
Porsche 924,Mx4rwQjFppwpEbGdrcN5Y29ycA,Porsche924Car
Ryutaro Hashimoto,Mx4rvVkBhpwpEbGdrcN5Y29ycA,PrimeMinister-HeadOfGovernment
Robert Byrd (artist),Mx4rwQryspwpEbGdrcN5Y29ycA,PublicOfficial
Selenium,Mx4rvVi1L5wpEbGdrcN5Y29ycA,Selenium
Saint Kitts and Nevis,Mx4rvVjk55wpEbGdrcN5Y29ycA,IndependentCountry
Swaziland,Mx4rwTpvCZwpEbGdrcN5Y29ycA,LandlockedGeopoliticalEntity
Scottish Gaelic,Mx4rvVj8VZwpEbGdrcN5Y29ycA,LivingLanguage
Saint George,Mx4rwQCWO5wpEbGdrcN5Y29ycA,Saint
Stuart Little,Mx4rvViJb5wpEbGdrcN5Y29ycA,Novel-CW
Tuvalu,Mx4rvVjk55wpEbGdrcN5Y29ycA,IndependentCountry
Timor Timur,Mx4rOoP-Q2PBRByYgiFxlELVMQ,Province-Indonesia-TheNation
Toronto Blue Jays,Mx4rqPehzLzDQdiFNcBgOFw5vQ,MajorLeagueBaseballTeam
Tom Burnett,Mx4rvViAkpwpEbGdrcN5Y29ycA,Person
Thermocouple,Mx4rdw5dJkONRRu319FmO1dG-Q,Thermocouple
Tsunami,Mx4rvV5j_JwpEbGdrcN5Y29ycA,Tsunami
United Nations General Assembly,Mx4rvViNy5wpEbGdrcN5Y29ycA,PoliticalOrganization
Uzbeks,Mx4rvVjgQZwpEbGdrcN5Y29ycA,EthnicGroupOfUzbeks
Vietnamese language,Mx4rvVj8VZwpEbGdrcN5Y29ycA,LivingLanguage
V6 engine,Mx4rvVkGPZwpEbGdrcN5Y29ycA,V6Engine
Wankel engine,Mx4rvVjb9pwpEbGdrcN5Y29ycA,WankelRotaryEngine
Wolfenstein 3D,Mx4rwQHMdpwpEbGdrcN5Y29ycA,OpenSourceComputerProgram
XML,Mx4rv36oXZwpEbGdrcN5Y29ycA,ComputerLanguage
XFS,Mx4rYhcAxzqzEdac-wACs0uFOQ,XFSFilesystem
United Nations Conference on Trade and Development,Mx4rvcF1IpwpEbGdrcN5Y29ycA,InternationalOrganizationOfCountries
Telugu language,Mx4rvVj8VZwpEbGdrcN5Y29ycA,LivingLanguage
Aon Center (Los Angeles),Mx4rvVjHDJwpEbGdrcN5Y29ycA,Skyscraper
Lehigh University,Mx4rvVjjvpwpEbGdrcN5Y29ycA,University
Pluto,Mx4rvVjRL5wpEbGdrcN5Y29ycA,Planet
Bari,Mx4rvVjnZ5wpEbGdrcN5Y29ycA,City
Brandy,Mx4rvlUWSJwpEbGdrcN5Y29ycA,Brandy-Liquor
Ionia,Mx4rvVj7_ZwpEbGdrcN5Y29ycA,Archipelago
Hexactinellid,Mx4rjAkpkq0WEd6eNAAhm0kILA,Hexactinellid
Rook (chess),Mx4rH48RORFdQJOl8XSae15kSg,Rook-ChessPiece
Sloop,Mx4riX_NyCrmEdqAAAACs71DGQ,Sloop
Georgia (country),Mx4rvVjk55wpEbGdrcN5Y29ycA,IndependentCountry
Walleye,Mx4r5NmDhFpHQMunIuw2O5IROA,Walleye
Sciaenidae,Mx4roQj8cq0WEd6eNAAhm0kILA,Sciaenidae
Mercedes Lackey,Mx4rv1OBhpwpEbGdrcN5Y29ycA,FantasyWriter
David Jason,Mx4rvVjHlJwpEbGdrcN5Y29ycA,Comedian
Endometriosis,Mx4rvic-n5wpEbGdrcN5Y29ycA,Endometriosis
Quinoa,Mx4rGaqSuUjURAel0IXeO9ywtA,Quinoa
San Antonio,Mx4rvVjnZ5wpEbGdrcN5Y29ycA,City
Stingray,Mx4rwP1LUpwpEbGdrcN5Y29ycA,StingRay
Friday,Mx4rvVjhpZwpEbGdrcN5Y29ycA,Friday
Bergen,Mx4rvVjkmJwpEbGdrcN5Y29ycA,County
Bangkok,Mx4rvVjylZwpEbGdrcN5Y29ycA,CapitalCityOfRegion
Apia,Mx4rvVjylZwpEbGdrcN5Y29ycA,CapitalCityOfRegion
Ulysses (spacecraft),Mx4rwRwvaZwpEbGdrcN5Y29ycA,SpaceProbe
The Manchurian Candidate (1962 film),Mx4rv973YpwpEbGdrcN5Y29ycA,Movie-CW
Peripheral,Mx4rvVjd9ZwpEbGdrcN5Y29ycA,ComputerPeripheralDevice
Mordecai Richler,Mx4rvVjWoZwpEbGdrcN5Y29ycA,MaleHuman
Philip José Farmer,Mx4rwU0CYJwpEbGdrcN5Y29ycA,ScienceFictionWriter
Advocate,Mx4rvVj6l5wpEbGdrcN5Y29ycA,CourtesyTitle
Cantabria,Mx4riWQDTq2pQuOGybwstqjpoQ,AutonomousCommunity-Spain
Maine Coon,Mx4rwMU9-ZwpEbGdrcN5Y29ycA,MaineCoonCat
BlackBerry,Mx4r-YDmXSJJQHqYqyAtvarRlQ,BlackBerry-CellPhone
Utah Jazz,Mx4rOKQeawmfRbCZIU_BFQ16kg,NBATeam
Metropolitan Area (France),Mx4rVylQ3r7qQdeO3dd51Ybqhw,MetropolitanArea
Henry II of France,Mx8Ngh4rY_nOYBt-QdiS5seAT9e7DQ-qaHR0cDovL2RicGVkaWEub3JnL29udG9sb2d5L0JyaXRpc2hSb3lhbHR5,"[:ResourceWithURIFn, ""http://dbpedia.org/ontology/BritishRoyalty""]"
Tartaric acid,Mx4r_YocVPvOQdaH_PXU5rSbqw,TartaricAcid
George Martin,Mx4rvVisB5wpEbGdrcN5Y29ycA,Musician
ESPN,Mx4rvjMrW5wpEbGdrcN5Y29ycA,CableTVNetwork
Le Duan,Mx4rvVjWoZwpEbGdrcN5Y29ycA,MaleHuman
Autograph,Mx4rvVkL5pwpEbGdrcN5Y29ycA,Autograph
Shigella,Mx4rvgdnpJwpEbGdrcN5Y29ycA,Shigella
Saved by the Bell,Mx4rvj_X65wpEbGdrcN5Y29ycA,TVSeriesProduct
Milk River (Alberta–Montana),Mx4rvVkHM5wpEbGdrcN5Y29ycA,River
Wandsworth,Mx4r6Ki-3KMNEdqAAAACs6hO_g,FirstOrderAdministrativeDivision
Graham Norton,Mx4rvVj_zZwpEbGdrcN5Y29ycA,Chef
Ammonium nitrate,Mx4rodY50O0IQdadg8A6D-1gPQ,AmmoniumNitrate
Balance sheet,Mx4rdKkFlsdJQV6hebrHj6ucSg,EDGARSectionType-BalanceSheet
Umbrian language,Mx4rvViyaJwpEbGdrcN5Y29ycA,ItalicLanguageFamily
Trainspotting (film),Mx4rv973YpwpEbGdrcN5Y29ycA,Movie-CW
Pussy,Mx4rvVkErZwpEbGdrcN5Y29ycA,DomesticCat
Bugle,Mx4rvVykepwpEbGdrcN5Y29ycA,Bugle
Grand Forks Air Force Base,Mx4roGYgsjGKEdyAAAACs6hRXg,AirForceBase-US-Grounds
Ghost (Dungeons & Dragons),Mx4rv4IgpZwpEbGdrcN5Y29ycA,Ghost
Saint Martin,Mx4rvVi7OZwpEbGdrcN5Y29ycA,Island
Cardioversion,Mx4rRnEpBq2TEduAAAAOpmP6tw,Cardioversion
Conlon Nancarrow,Mx4rP-gl0lM2QdeYPM25fxze5Q,ExperimentalMusicPerformer
Reindeer,Mx4rwPfntpwpEbGdrcN5Y29ycA,Reindeer
Oran,Mx8Ngh4rv3A7TpwpEbGdrcN5Y29ycB4rvVj6EJwpEbGdrcN5Y29ycA,"[:CityInCountryFn, :France]"
Insecticide,Mx4rJc3N0glrQdiE87CONd2sTA,Insecticide
Fomalhaut,Mx4rvVi80ZwpEbGdrcN5Y29ycA,Star
Paul Verlaine,Mx4rvVjWoZwpEbGdrcN5Y29ycA,MaleHuman
MASH (film),Mx4rwEznCJwpEbGdrcN5Y29ycA,WarMovie
Wiktionary,Mx4rvi9EhJwpEbGdrcN5Y29ycA,UnversionedProgram
Media player (software),Mx4rv1CSQ5wpEbGdrcN5Y29ycA,MediaPlayerProgram
Johnny Appleseed,Mx4rLHi5MCBjEdiNYwACs6hnlQ,Missionary
Handcuffs,Mx4rQLpxZlSCQc2rVCvCPvLcNg,Handcuffs
Kid A,Mx4rwLmi3JwpEbGdrcN5Y29ycA,Album-CW
Rubella,Mx4rwP1MrJwpEbGdrcN5Y29ycA,Rubella
Bonsai,Mx4roVrF9K0WEd6eNAAhm0kILA,Bonsai
Leica Camera,Mx4rvVjQNpwpEbGdrcN5Y29ycA,Business
Luxor,Mx4rvVjnZ5wpEbGdrcN5Y29ycA,City
Sunda Strait,Mx4rvViS15wpEbGdrcN5Y29ycA,Strait
Arena,Mx4rvVjtnZwpEbGdrcN5Y29ycA,Stadium
Interjection,Mx4rvgwDEpwpEbGdrcN5Y29ycA,Interjection-SpeechPart
Rhombus,Mx4rwE_puZwpEbGdrcN5Y29ycA,Rhombus
Pomona College,Mx4rv-_9mpwpEbGdrcN5Y29ycA,LiberalArtsCollege
Chytridiomycota,Mx4rvypfh5wpEbGdrcN5Y29ycA,DivisionChytridiomycota
The Young and the Restless,Mx4rvj_X65wpEbGdrcN5Y29ycA,TVSeriesProduct
Kurgan,Mx4rwTpvCZwpEbGdrcN5Y29ycA,LandlockedGeopoliticalEntity
Turkey Vulture,Mx4rj4KpZDGiQdieN4vgCBUrEg,TurkeyVulture
Tandberg,Mx4r_QItpk1AQdmXyb0GoTXPSA,TechnologyCompany
Nippon Telegraph and Telephone,Mx4r_QItpk1AQdmXyb0GoTXPSA,TechnologyCompany
McAfee,Mx4rv_2oMpwpEbGdrcN5Y29ycA,SoftwareVendor
Vietnam,Mx4rvVjk55wpEbGdrcN5Y29ycA,IndependentCountry
Nakhon Ratchasima,Mx4rvVjnZ5wpEbGdrcN5Y29ycA,City
United Parcel Service,Mx4r4EvD9AhxEduVMgDggVaqog,SP500-Corporation
Aaron Sorkin,Mx4rvVjaHZwpEbGdrcN5Y29ycA,Actor
Inspectah Deck,Mx4rzQXDcip_QdiIBoeuUEmDxA,Rapper
Washington Mutual,Mx4rhciPYghuEduVNADggVaqog,ThriftsAndMortgageFinance-SubIndustrySP
MacGyver,Mx4rvj_X65wpEbGdrcN5Y29ycA,TVSeriesProduct
Command (military formation),Mx4rvVjaxpwpEbGdrcN5Y29ycA,Command
Smew,Mx4rlVSeGq0WEd6eNAAhm0kILA,Smew
Alcorn State University,Mx4rvVjjvpwpEbGdrcN5Y29ycA,University
Septic tank,Mx4rvViGY5wpEbGdrcN5Y29ycA,SepticTank
Sleepless in Seattle,Mx4rv973YpwpEbGdrcN5Y29ycA,Movie-CW
Thysanura,Mx4rpzKXnK0WEd6eNAAhm0kILA,Thysanura
Puntland,Mx4ryv-kvNWOEdyAAADggVbxzQ,GeographicalRegion-Declared
Buttermilk,Mx4rwQCRT5wpEbGdrcN5Y29ycA,Buttermilk
Pamela Sue Martin,Mx4rvVjW5ZwpEbGdrcN5Y29ycA,FemaleHuman
Coconut oil,Mx4rvVitqJwpEbGdrcN5Y29ycA,CoconutOil
Vincent Cassel,Mx4rvVjaHZwpEbGdrcN5Y29ycA,Actor
Areola,Mx4rvrcOL5wpEbGdrcN5Y29ycA,Areola
Heidi Fleiss,Mx4rv4jyVpwpEbGdrcN5Y29ycA,Vegetarian
Food science,Mx4rvVi3_JwpEbGdrcN5Y29ycA,ScientificFieldOfStudy
Bus station,Mx4rGyB6uGbnQdichKPFIDIErQ,BusStation
Johnny English,Mx4rv973YpwpEbGdrcN5Y29ycA,Movie-CW
Northwest Conference,Mx4rvVjbp5wpEbGdrcN5Y29ycA,SportsLeague
Lena Horne,Mx4rvVjiz5wpEbGdrcN5Y29ycA,Singer
Aklan,Mx4rO_IRtlXgTOOE2gk7cHNwCg,Province-Philippines
Vlissingen,Mx4rvVjnZ5wpEbGdrcN5Y29ycA,City
Jena Malone,Mx4rvVjiz5wpEbGdrcN5Y29ycA,Singer
Methemoglobinemia,Mx4rn4nCxDPXSx-lAT54tOmbZg,Methemoglobinemia
Ashton Kutcher,Mx4rqBo-jGe7EdqAAAAOpmP6tw,FamousIndividual
Electric power industry,Mx8Ngh4rvhjdbZwpEbGdrcN5Y29ycB4rvVkGfJwpEbGdrcN5Y29ycA,"[:ProductionIndustryTypeFn, :Electricity]"
Charlie Sheen,Mx4rwMRyTJwpEbGdrcN5Y29ycA,ActorInMovies
Canadian Airlines,Mx4rvViq7pwpEbGdrcN5Y29ycA,AirlineCompany
Joy Kogawa,Mx4rvVi18JwpEbGdrcN5Y29ycA,Novelist
Northern Samar,Mx4rO_IRtlXgTOOE2gk7cHNwCg,Province-Philippines
Alice Munro,Mx4rvVjW5ZwpEbGdrcN5Y29ycA,FemaleHuman
Ammonium chloride,Mx4rkPebSPwjQdaPHp1Nt5KXLA,AmmoniumChloride
Daniel Shays,Mx4rvVjWoZwpEbGdrcN5Y29ycA,MaleHuman
Rainbow Six (novel),Mx4rvu0mcJwpEbGdrcN5Y29ycA,OnlineGameProgram
The Net (1995 film),Mx4rv4lEQZwpEbGdrcN5Y29ycA,ThrillerMovie
Ossetians,Mx4rv4ig4pwpEbGdrcN5Y29ycA,EthnicGroupOfOssetians
Caper,Mx4rvVkIrJwpEbGdrcN5Y29ycA,Caper-Plant
Dull day gecko,Mx4riKmDyq0WEd6eNAAhm0kILA,DullDayGecko
Michelle Branch,Mx4rv4jyVpwpEbGdrcN5Y29ycA,Vegetarian
Lara Croft,Mx4rwHKvgpwpEbGdrcN5Y29ycA,FictionalCharacter
National Forest (England),Mx4rOijOfMjtEduAAADggVbxzQ,NationalForest
Cockatiel,Mx4rwEG3qpwpEbGdrcN5Y29ycA,Cockatiel
Goniurosaurus,Mx4riTcdt60WEd6eNAAhm0kILA,Goniurosaurus
Chondrodactylus,Mx4riTdE3K0WEd6eNAAhm0kILA,Chondrodactylus
Blackburn with Darwen,Mx4r6Ki-3KMNEdqAAAACs6hO_g,FirstOrderAdministrativeDivision
Planning (Listed Buildings and Conservation Areas) Act 1990,Mx4r2M2PwI_lQdiMlK1fpHXt9w,Planning
Amagasaki,Mx4rwPflcJwpEbGdrcN5Y29ycA,PortCity
Al Davis,Mx4rvViAkpwpEbGdrcN5Y29ycA,Person
Elizabeth Montgomery,Mx4rvVjaHZwpEbGdrcN5Y29ycA,Actor
Forestay,Mx4rwQCGgpwpEbGdrcN5Y29ycA,Forestay
Forester,Mx4rvVjv05wpEbGdrcN5Y29ycA,Forester
Frozen food,Mx4rllf_ZHS7EdaAAACgyZzFrg,Frozen
The Streets of San Francisco,Mx4rvj_X65wpEbGdrcN5Y29ycA,TVSeriesProduct
Bruce Greenwood,Mx4rvVjaHZwpEbGdrcN5Y29ycA,Actor
Bob Brown,Mx4rwQryspwpEbGdrcN5Y29ycA,PublicOfficial
Beloit Snappers,Mx8NhB4rvuAoI5wpEbGdrcN5Y29ycB4rvVkDP5wpEbGdrcN5Y29ycB4rvVj-BJwpEbGdrcN5Y29ycB4rv1fZH5wpEbGdrcN5Y29ycA,"[:SubcollectionOfWithRelationFromFn, :BaseballTeam, :groupMembers, :MinorLeagueBaseball]"
Yemen Arab Republic,Mx4rvVjk55wpEbGdrcN5Y29ycA,IndependentCountry
Triumphal arch,Mx4rv4v0HJwpEbGdrcN5Y29ycA,TriumphalArch
Zabol,Mx4rvVjnZ5wpEbGdrcN5Y29ycA,City
Knot (mathematics),Mx4rvZutMpwpEbGdrcN5Y29ycA,Knot
Faith Evans,Mx4r7wQOfEeAEdaAAABQ2sS97g,Songwriter
Grey seal,Mx4rmt7sAK0WEd6eNAAhm0kILA,GreySeal
Chinese people,Mx4rvVi2CpwpEbGdrcN5Y29ycA,ChinesePerson
FK Partizan,Mx4rvViLwpwpEbGdrcN5Y29ycA,SoccerTeam
Inter-American Development Bank,Mx4rvcF1IpwpEbGdrcN5Y29ycA,InternationalOrganizationOfCountries
Ebony (magazine),Mx4rwQ7-8pwpEbGdrcN5Y29ycA,MagazineSeries
Sooty Tern,Mx4rnQ2L5K0WEd6eNAAhm0kILA,SootyTern
Heating oil,Mx4rvVijH5wpEbGdrcN5Y29ycA,HeatingOil
Archibald Lampman,Mx4rvVjWoZwpEbGdrcN5Y29ycA,MaleHuman
Menu,Mx4rvVjTypwpEbGdrcN5Y29ycA,RestaurantMenu
Grangemouth,Mx4rwPflcJwpEbGdrcN5Y29ycA,PortCity
Joe Mantegna,Mx4rwMRyTJwpEbGdrcN5Y29ycA,ActorInMovies
Larne,Mx4rvVjnZ5wpEbGdrcN5Y29ycA,City
Galle,Mx4rvVjnZ5wpEbGdrcN5Y29ycA,City
The Seattle Times,Mx4rv4ByW5wpEbGdrcN5Y29ycA,NewspaperSeries
Lectin,Mx4rmDiELq0WEd6eNAAhm0kILA,Lectin
University of Dayton,Mx4rwQBmdZwpEbGdrcN5Y29ycA,ChristianOrganization
Ticker tape parade,Mx4rCyDzY2O8TKOwUdzkHgSg_A,TickerTapeParade
Christopher Eccleston,Mx4rvVjaHZwpEbGdrcN5Y29ycA,Actor
Mikhail Tukhachevsky,Mx4rvVjvBZwpEbGdrcN5Y29ycA,MilitaryPerson
Maithili language,Mx4rvVj8VZwpEbGdrcN5Y29ycA,LivingLanguage
Atticus Ross,Mx4rvVjp3ZwpEbGdrcN5Y29ycA,MusicalComposer
Vitex agnus-castus,Mx4rhvA7EK0WEd6eNAAhm0kILA,VitexAgnus-castus
Tight end,Mx4rEmKSK-3TRx-xbNRB-7AGXQ,FootballTightEnd
Internal carotid artery,Mx4rvYx8KZwpEbGdrcN5Y29ycA,InternalCarotidArtery
Star Fox 64,Mx4rvi9EhJwpEbGdrcN5Y29ycA,UnversionedProgram
Paul Kossoff,Mx4rvVjWoZwpEbGdrcN5Y29ycA,MaleHuman
Jammu (city),Mx4rvVi3vpwpEbGdrcN5Y29ycA,StateCapital
Lombard language,Mx4rvVj8VZwpEbGdrcN5Y29ycA,LivingLanguage
Irish Catholic,Mx8Ngx4rwEcGC5wpEbGdrcN5Y29ycB4rvVioqJwpEbGdrcN5Y29ycB4rwFAJYpwpEbGdrcN5Y29ycA,"[:CollectionIntersection2Fn, :IrishPerson, :CatholicPerson]"
Synovial joint,Mx4rv2bBV5wpEbGdrcN5Y29ycA,SynovialJoint
Lord Frederick Windsor,Mx4rvViAkpwpEbGdrcN5Y29ycA,Person
Bob Weir,Mx4rvVjqXpwpEbGdrcN5Y29ycA,MusicalPerformer
California Dreams,Mx4rvj_X65wpEbGdrcN5Y29ycA,TVSeriesProduct
Naked City (TV series),Mx4rvj_X65wpEbGdrcN5Y29ycA,TVSeriesProduct
Lara Roxx,Mx8Ngx4rwEcGC5wpEbGdrcN5Y29ycB4rvVjaHZwpEbGdrcN5Y29ycB4rwQBnMZwpEbGdrcN5Y29ycA,"[:CollectionIntersection2Fn, :Actor, :AdultAnimal]"
Coccus,Mx4rvhplH5wpEbGdrcN5Y29ycA,CoccusBacterium
Amsterdam Admirals,Mx8Ngh4rwP1535wpEbGdrcN5Y29ycB4rvViyfpwpEbGdrcN5Y29ycA,"[:GroupFn, :AdultMaleHuman]"
Under the Table and Dreaming,Mx4rwLmi3JwpEbGdrcN5Y29ycA,Album-CW
Purr,Mx4rwB6s7pwpEbGdrcN5Y29ycA,PurringSound
Lycoteuthidae,Mx4rl0lCOa0WEd6eNAAhm0kILA,Lycoteuthidae
Salima (township),Mx4rvVjnZ5wpEbGdrcN5Y29ycA,City
Katie Leung,Mx4rvVjaHZwpEbGdrcN5Y29ycA,Actor
Lloyd Banks,Mx4rZPcwWlMLQdeRwPloCN1QRg,RapMusicPerformer
Orlando Rays,Mx8NhB4rvuAoI5wpEbGdrcN5Y29ycB4rvVkDP5wpEbGdrcN5Y29ycB4rvVj-BJwpEbGdrcN5Y29ycB4rv1fZH5wpEbGdrcN5Y29ycA,"[:SubcollectionOfWithRelationFromFn, :BaseballTeam, :groupMembers, :MinorLeagueBaseball]"
Dungannon (Parliament of Ireland constituency),Mx4rvVjnZ5wpEbGdrcN5Y29ycA,City
Billy Bathgate (film),Mx4rv973YpwpEbGdrcN5Y29ycA,Movie-CW
David Wu,Mx4r7b1yNtViQdaRY_7u6rLtcg,Legislator
Dongola,Mx4rvVjnZ5wpEbGdrcN5Y29ycA,City
Anna Stuart,Mx4rvef1DJwpEbGdrcN5Y29ycA,ActorOnTV
Calaverite,Mx4rwDFlVZwpEbGdrcN5Y29ycA,Calaverite
Spectacled Eider,Mx4rwNHER5wpEbGdrcN5Y29ycA,SpectacledEider
Xv (software),Mx4rvi9EhJwpEbGdrcN5Y29ycA,UnversionedProgram
Barrancabermeja,Mx4rvVjnZ5wpEbGdrcN5Y29ycA,City
Liquid fuel,Mx4rvrqW-JwpEbGdrcN5Y29ycA,LiquidFuel
Eyelid,Mx4rvVi4m5wpEbGdrcN5Y29ycA,Eyelid
The Many Loves of Dobie Gillis,Mx4rvj_X65wpEbGdrcN5Y29ycA,TVSeriesProduct
Lauren Graham,Mx4rvVjaHZwpEbGdrcN5Y29ycA,Actor
Anne Geddes,Mx4rvViqTJwpEbGdrcN5Y29ycA,Photographer
Provolone,Mx4rvheRd5wpEbGdrcN5Y29ycA,Provolone-Cheese
Peter Cullen,Mx4rvVjaHZwpEbGdrcN5Y29ycA,Actor
Pattie Boyd,Mx4rveai1ZwpEbGdrcN5Y29ycA,ProfessionalModel
Abdominal aortic aneurysm,Mx4riFO68ao8EduQrwACs5b6Bw,Aneurysm-AbdominalAorta
Randolph Air Force Base,Mx4roGYgsjGKEdyAAAACs6hRXg,AirForceBase-US-Grounds
Batrachotoxin,Mx4rvjJH8pwpEbGdrcN5Y29ycA,Batrachotoxin
False stag beetle,Mx4rd7jQcK0WEd6eNAAhm0kILA,FalseStagBeetle
TetriNET,Mx4rwQHMdpwpEbGdrcN5Y29ycA,OpenSourceComputerProgram
Earth 2 (TV series),Mx4rvj_X65wpEbGdrcN5Y29ycA,TVSeriesProduct
Ford F-Series,Mx4rv4qpVJwpEbGdrcN5Y29ycA,FordFSeriesPickup
Sesame oil,Mx4rvVimQZwpEbGdrcN5Y29ycA,SesameOil
PPG Industries,Mx4r4EvD9AhxEduVMgDggVaqog,SP500-Corporation
Myiasis,Mx4rMAIf06iZSiyiK_TcH4UnHQ,Myiasis
Callum Keith Rennie,Mx4rvVjaHZwpEbGdrcN5Y29ycA,Actor
Dougie Poynter,Mx4rvVjiz5wpEbGdrcN5Y29ycA,Singer
Gomez Addams,Mx4rwHKvgpwpEbGdrcN5Y29ycA,FictionalCharacter
Norwegian Elkhound,Mx4rwBar45wpEbGdrcN5Y29ycA,NorwegianElkhound
Pitch (filmmaking),Mx4rvViBYpwpEbGdrcN5Y29ycA,QuantitySlot
Butterfinger,Mx4rjQoNz9wSSz-dj5RtgV2tEw,Butterfinger
Medtronic,Mx4r4EvD9AhxEduVMgDggVaqog,SP500-Corporation
Medicago truncatula,Mx4rkkbpA60WEd6eNAAhm0kILA,MedicagoTruncatula
Roy Buchanan,Mx4rvVisB5wpEbGdrcN5Y29ycA,Musician
Magilligan,Mx4rvVjnZ5wpEbGdrcN5Y29ycA,City
Qazvin,Mx4rvVi3vpwpEbGdrcN5Y29ycA,StateCapital
Fergana,Mx4rvVjnZ5wpEbGdrcN5Y29ycA,City
Carla Bruni,Mx4rwQryspwpEbGdrcN5Y29ycA,PublicOfficial
Trichloroacetic acid,Mx4rktCCXZNNQPOPd3-YrvCFuQ,TrichloroaceticAcid
Steel mill,Mx4rtxarhFhkEdqAAAACs71DGQ,SteelMill-ManufacturingFacility
Tow truck,Mx4rwQB6cZwpEbGdrcN5Y29ycA,WreckerTruck
Bulolo,Mx4rvVjnZ5wpEbGdrcN5Y29ycA,City
Sockeye salmon,Mx4rwUVospwpEbGdrcN5Y29ycA,SockeyeSalmon
Mariana Mallard,Mx4rv8lDqZwpEbGdrcN5Y29ycA,MarianaMallard
Porch,Mx4rP9c1cSwaEdiUggAH6RYvSQ,Porch
Jagdterrier,Mx4rnC8SyK0WEd6eNAAhm0kILA,Jagdterrier
Green Hermit,Mx4roVrF6a0WEd6eNAAhm0kILA,GreenHermit
West Virginia Wesleyan College,Mx4rv-_9mpwpEbGdrcN5Y29ycA,LiberalArtsCollege
Dietrich Mateschitz,Mx4rlyOvVyp4EdiUfwAH6RYvSQ,Billionaire
Into the West (film),Mx4rv973YpwpEbGdrcN5Y29ycA,Movie-CW
North American porcupine,Mx4rido7h60WEd6eNAAhm0kILA,NorthAmericanPorcupine
Gloria Loring,Mx4rvVjiz5wpEbGdrcN5Y29ycA,Singer
Dink Smallwood,Mx4rvi9EhJwpEbGdrcN5Y29ycA,UnversionedProgram
Mike Singletary,Mx4rvVi--5wpEbGdrcN5Y29ycA,Athlete
Hrazdan,Mx4rvVjnZ5wpEbGdrcN5Y29ycA,City
Kupang,Mx4rvVjnZ5wpEbGdrcN5Y29ycA,City
How to Deal,Mx4r39RA-HS7EdaAAACgyZzFrg,PropositionalConceptualWork-ComedyGenre
Vibrionaceae,Mx4rviiGH5wpEbGdrcN5Y29ycA,Vibrionaceae-Family
Mardin Province,Mx4rYTr-J7mjSgy701M5B-aNtg,Province-Turkey
Daktronics,Mx4rvVjZ_ZwpEbGdrcN5Y29ycA,PubliclyHeldCorporation
Echinocactus,Mx4rlqzbE60WEd6eNAAhm0kILA,Echinocactus
Karen McDougal,Mx4rvqs2C5wpEbGdrcN5Y29ycA,PlayboyModel
Graciosa,Mx4rvVi7OZwpEbGdrcN5Y29ycA,Island
Cliff Lee,Mx4rvVkI5ZwpEbGdrcN5Y29ycA,BaseballPlayer
Keith Urban,Mx4rvVjiz5wpEbGdrcN5Y29ycA,Singer
Isidor Straus,Mx4rvViAkpwpEbGdrcN5Y29ycA,Person
Alnus viridis,Mx4rnbsKBq0WEd6eNAAhm0kILA,AlnusViridis
Lunar craters,Mx4rwB9jEZwpEbGdrcN5Y29ycA,Crater-Lunar
Dactylis,Mx4rjv3Ya60WEd6eNAAhm0kILA,Dactylis
Mannitol hexanitrate,Mx4rJl3oxpCVQdeRkIrSNU4G8g,MannitolHexanitrate
Marc Singer,Mx4rvVjWoZwpEbGdrcN5Y29ycA,MaleHuman
Asante Samuel,Mx4rvVjtBpwpEbGdrcN5Y29ycA,FootballPlayer-American
Bay Networks,Mx4rvVjZ_ZwpEbGdrcN5Y29ycA,PubliclyHeldCorporation
Emmanuelle Chriqui,Mx4rvVjaHZwpEbGdrcN5Y29ycA,Actor
The Swarm (film),Mx4rv973YpwpEbGdrcN5Y29ycA,Movie-CW
Kristen Johnston,Mx4rvef1DJwpEbGdrcN5Y29ycA,ActorOnTV
Heosemys,Mx4re6gMDa0WEd6eNAAhm0kILA,Heosemys
McClellan Air Force Base,Mx4roGYgsjGKEdyAAAACs6hRXg,AirForceBase-US-Grounds
Pelican eel,Mx4rPp6QkCy-T0uZM4BI74i4AA,PelicanEel
Abutilon menziesii,Mx4rvlhGrZwpEbGdrcN5Y29ycA,Kooloaula
Arkansas Tech University,Mx4rvVjjvpwpEbGdrcN5Y29ycA,University
Free Patriotic Movement,Mx4rvVjVT5wpEbGdrcN5Y29ycA,Organization
Conforming loan,Mx4r__lttHS_EdaAAACgyZzFrg,LimitConformingLoan
Benihana,Mx4rvVjZ_ZwpEbGdrcN5Y29ycA,PubliclyHeldCorporation
Crested Duck,Mx4rlVU6Va0WEd6eNAAhm0kILA,CrestedDuck
Delicate slender opossum,Mx4reCZfR60WEd6eNAAhm0kILA,DelicateSlenderOpossum
Eastern equine encephalitis virus,Mx4rvk06wZwpEbGdrcN5Y29ycA,EasternEquineEncephalitis-Virus
Boston Properties,Mx4rhci2dwhuEduVNADggVaqog,OfficeREITs-SubIndustrySP
Lymexylidae,Mx4rdw9xA60WEd6eNAAhm0kILA,Lymexylidae
Pyraloidea,Mx4reN1TVq0WEd6eNAAhm0kILA,Pyraloidea
Bear Grylls,Mx4rvViowZwpEbGdrcN5Y29ycA,Author
Manny Ramirez,Mx4rvViyfpwpEbGdrcN5Y29ycA,AdultMaleHuman
Guarding Tess,Mx4rv973YpwpEbGdrcN5Y29ycA,Movie-CW
Abu Qir Bay,Mx4rvVi1YJwpEbGdrcN5Y29ycA,Bay
Betty Blue,Mx4rv973YpwpEbGdrcN5Y29ycA,Movie-CW
Puerto Lempira,Mx4rvVjnZ5wpEbGdrcN5Y29ycA,City
Mesomycetozoea,Mx4rhc4pKK0WEd6eNAAhm0kILA,Mesomycetozoea
Pentobarbital,Mx4rvWIw95wpEbGdrcN5Y29ycA,Pentobarbital
Drugstore (band),Mx4rvVkGLpwpEbGdrcN5Y29ycA,DrugStore
Jamiat Ulema-e-Islam,Mx4rvVjVT5wpEbGdrcN5Y29ycA,Organization
Leven Rambin,Mx4rvVjaHZwpEbGdrcN5Y29ycA,Actor
"Montpelier (Cabin Point, Virginia)",Mx4rvViEwJwpEbGdrcN5Y29ycA,USCity
Agalychnis callidryas,Mx4rlY8Q4LXoQRyYftkdOsNk1Q,RedEyedTreeFrog
Kyle Richards,Mx4rv4C-JZwpEbGdrcN5Y29ycA,Celebrity
Triamcinolone acetonide,Mx4rwP1nK5wpEbGdrcN5Y29ycA,TriamcinoloneAcetonide
Odontostomatida,Mx4rnLRvaK0WEd6eNAAhm0kILA,Odontostomatida
Gilly Coman,Mx4rvVjaHZwpEbGdrcN5Y29ycA,Actor
Kelly Services,Mx4rvVjZ_ZwpEbGdrcN5Y29ycA,PubliclyHeldCorporation
Nuapada district,Mx4rCysYTOoyQdiG3dDU9bz94g,District-India
Leuchtenbergia,Mx4rlfwo3q0WEd6eNAAhm0kILA,Leuchtenbergia
Haywood (band),Mx4rvVjkmJwpEbGdrcN5Y29ycA,County
Medicine Hat Blue Jays,Mx8NhB4rvuAoI5wpEbGdrcN5Y29ycB4rvVkDP5wpEbGdrcN5Y29ycB4rvVj-BJwpEbGdrcN5Y29ycB4rv1fZH5wpEbGdrcN5Y29ycA,"[:SubcollectionOfWithRelationFromFn, :BaseballTeam, :groupMembers, :MinorLeagueBaseball]"
Rauhocereus,Mx4rlfxP6a0WEd6eNAAhm0kILA,Rauhocereus
Myrmelachista schumanni,Mx4ro7yDwK0WEd6eNAAhm0kILA,MyrmelachistaSchumanni
Sassnitz,Mx4rvVjnZ5wpEbGdrcN5Y29ycA,City
Cordeauxia edulis,Mx4roVrGD60WEd6eNAAhm0kILA,CordeauxiaEdulis
Caesalpinia,Mx4romfJHa0WEd6eNAAhm0kILA,Caesalpinia
Howard Jacobson,Mx4rvVi18JwpEbGdrcN5Y29ycA,Novelist
Geelong Advertiser,Mx4rvaipZJwpEbGdrcN5Y29ycA,PeriodicalSeries
Copernic,Mx4rwP3mbZwpEbGdrcN5Y29ycA,SearchEngine
Mendaro,Mx4rvVjnZ5wpEbGdrcN5Y29ycA,City
Orio,Mx4rvVjnZ5wpEbGdrcN5Y29ycA,City
James Honeyman-Scott,Mx4rv9t9NFMnQdeStuhcY3fjLA,RockMusicPerformer
Vellore district,Mx4rCysYTOoyQdiG3dDU9bz94g,District-India
Mertert,Mx4rvVjnZ5wpEbGdrcN5Y29ycA,City
Pont-Audemer Spaniel,Mx4roQkjcK0WEd6eNAAhm0kILA,Pont-AudemerSpaniel
Canebrake tree frogs,Mx4rn4YGBq0WEd6eNAAhm0kILA,CanebrakeTreefrog
Anconeus muscle,Mx4rvn6XKZwpEbGdrcN5Y29ycA,Anconeus
Capsule (pharmacy),Mx4rwQBwd5wpEbGdrcN5Y29ycA,CapsuleContainer
1-Propanol,Mx4rDMSSFOzrQdaTPIc4XeHmDA,Propanol-1
Battle of Anzen,Mx4rvXtOhJwpEbGdrcN5Y29ycA,MilitaryConflictEvent
Maserati Khamsin,Mx4rvzM-WpwpEbGdrcN5Y29ycA,MaseratiKhamsinCar
Maserati Kyalami,Mx4rwF-uhJwpEbGdrcN5Y29ycA,MaseratiKyalamiCar
Western Chinese mountain salamander,Mx4rpKU2Aq0WEd6eNAAhm0kILA,WesternChineseMountainSalamander
Oriental giant squirrel,Mx4rhpHuZ60WEd6eNAAhm0kILA,OrientalGiantSquirrel
Acebutolol,Mx4rwQr8lJwpEbGdrcN5Y29ycA,Acebutolol
Yamuna Nagar district,Mx4rCysYTOoyQdiG3dDU9bz94g,District-India
Lomatium,Mx4rv_1g3pwpEbGdrcN5Y29ycA,BradshawsDesertParsley
Dibrugarh,Mx4rvVjnZ5wpEbGdrcN5Y29ycA,City
Richard Stallman,Mx4rvVjwCpwpEbGdrcN5Y29ycA,LispHacker
Melanerpes,Mx4ro2qTEq0WEd6eNAAhm0kILA,Melanerpes
Ehrharta erecta,Mx4rjv3_gq0WEd6eNAAhm0kILA,EhrhartaErecta
M30 mortar,Mx4rvd7aKJwpEbGdrcN5Y29ycA,Mortar-M30
Mitzic,Mx4rvVjnZ5wpEbGdrcN5Y29ycA,City
Zimmer Holdings,Mx4r4EvD9AhxEduVMgDggVaqog,SP500-Corporation
Osornophryne,Mx4reYENb60WEd6eNAAhm0kILA,Osornophryne
Newtownhamilton,Mx4rvVjnZ5wpEbGdrcN5Y29ycA,City
Eplerenone,Mx4rKKNJpo8NEd2AAADggVbxzQ,Eplerenone
Cornelius Eady,Mx4rvVjWoZwpEbGdrcN5Y29ycA,MaleHuman
Ammonia borane,Mx4rk-KXia0WEd6eNAAhm0kILA,AmmoniaBorane
Diatomys,Mx4rnQ2y8a0WEd6eNAAhm0kILA,Diatomys
Dipper (Chinese constellation),Mx4rv47-F5wpEbGdrcN5Y29ycA,Asterism
Wizards and Warriors (TV series),Mx4rvj_X65wpEbGdrcN5Y29ycA,TVSeriesProduct
Destruction Derby 2,Mx4rvi9EhJwpEbGdrcN5Y29ycA,UnversionedProgram
Jamie Raskin,Mx4rvVjntpwpEbGdrcN5Y29ycA,Politician
Naji Sabri,Mx4rv_SkJ5wpEbGdrcN5Y29ycA,MinisterOfForeignAffairs
Desert dace,Mx4rwKOxeJwpEbGdrcN5Y29ycA,DesertDace
Kristen Cloke,Mx4rvVjaHZwpEbGdrcN5Y29ycA,Actor
Trimethobenzamide,Mx4rwP1pm5wpEbGdrcN5Y29ycA,Trimethobenzamide
Spur (architecture),Mx4rsoMvALdiEdmFRQACs6hRjg,Spurring-PromotingSomething
Posterior auricular vein,Mx4rvvKqyZwpEbGdrcN5Y29ycA,PosteriorAuricularVein
Santa Fe (nude photo book),Mx4rvVjkmJwpEbGdrcN5Y29ycA,County
Culex,Mx4rhU8OFK0WEd6eNAAhm0kILA,Culex
Tillandsia excelsa,Mx4rhQDuOK0WEd6eNAAhm0kILA,TillandsiaExcelsa
Mohammad Soleimani,Mx4rvVjWoZwpEbGdrcN5Y29ycA,MaleHuman
Uludere,Mx4rvVjnZ5wpEbGdrcN5Y29ycA,City
Just For Feet,Mx4rvVjZ_ZwpEbGdrcN5Y29ycA,PubliclyHeldCorporation
Myrmecophagidae,Mx4rd28xKlimEdaAAABQ2rksLw,Anteater
Physical address,Mx4rvVkKGJwpEbGdrcN5Y29ycA,Address-PhysicalLocationDesignator
Litocladius,Mx4rpKVdIK0WEd6eNAAhm0kILA,Litocladius
Body louse,Mx4rmDhdLq0WEd6eNAAhm0kILA,BodyLouse
Tucson (Amtrak station),Mx4rvViEwJwpEbGdrcN5Y29ycA,USCity
Axymyiidae,Mx4rpPjUNq0WEd6eNAAhm0kILA,Axymyiidae
Herley Industries,Mx4rvVjZ_ZwpEbGdrcN5Y29ycA,PubliclyHeldCorporation
Melittidae,Mx4rk5UT0K0WEd6eNAAhm0kILA,Melittidae
Anti-personnel mine,Mx4rvZAHzpwpEbGdrcN5Y29ycA,AntiPersonnelMine
Facilitator,Mx8NhB4rcacO5KgcQdidVfCUDYB6bg-LZmFjaWxpdGF0b3IeK71YotmcKRGxna3DeWNvcnAPpGI5YjI0NDc4LTNjMzItNDFkYS04MTVkLTgxYjNkNjViYTc0MQ,"[:""InstanceNamedFn-Ternary"", ""facilitator"", :PersonTypeByOccupation, ""b9b24478-3c32-41da-815d-81b3d65ba741""]"
Missoni,Mx4rvVjQNpwpEbGdrcN5Y29ycA,Business
Mong Hsat,Mx4rvVjnZ5wpEbGdrcN5Y29ycA,City
Pterinochilus murinus,Mx4reiCot60WEd6eNAAhm0kILA,PterinochilusMurinus
Cholane,Mx4rizvHUq0WEd6eNAAhm0kILA,Cholane
Haina (Haida village),Mx4rvVjnZ5wpEbGdrcN5Y29ycA,City
Anwar al-Awlaki,Mx4rMkM8wqURQdic0fH40JMnqg,Imam
Flagstaff (Amtrak station),Mx4rvViEwJwpEbGdrcN5Y29ycA,USCity
Firepower (pinball),Mx4rvVjmuJwpEbGdrcN5Y29ycA,ComputerGameProgram
Magellan (band),Mx4rvVjjvpwpEbGdrcN5Y29ycA,University
Rocky Mountain toad,Mx4reYENbK0WEd6eNAAhm0kILA,RockyMountainToad
Steve Irwin,Mx4rvVikRZwpEbGdrcN5Y29ycA,Biologist
Yellow-chevroned Parakeet,Mx4rpeuYu60WEd6eNAAhm0kILA,Yellow-chevronedParakeet
Ljungan virus,Mx4rnnysNq0WEd6eNAAhm0kILA,LjunganVirus
Ravi Baswani,Mx4rvVjHlJwpEbGdrcN5Y29ycA,Comedian
Leptocereus grantianus,Mx4rv5JGFZwpEbGdrcN5Y29ycA,LeptocereusGrantianus
SRS Labs,Mx4rvVjZ_ZwpEbGdrcN5Y29ycA,PubliclyHeldCorporation
Five Finger Death Punch,Mx4rvgEZGJwpEbGdrcN5Y29ycA,Band-MusicGroup
Gospel (liturgy),Mx4r8ZzVts36EdmAAAACs6hRjg,Gospel
Maserati Indy,Mx4rvp2v-pwpEbGdrcN5Y29ycA,MaseratiIndyCar
Apis dorsata,Mx4rk5UT460WEd6eNAAhm0kILA,ApisDorsata
Opetiidae,Mx4rpZy1YK0WEd6eNAAhm0kILA,Opetiidae
Westport (Metro-North station),Mx4rvVjnZ5wpEbGdrcN5Y29ycA,City
Carpaine,Mx4rla9BXq0WEd6eNAAhm0kILA,Carpaine
Gnarls Barkley,Mx4rvgEZGJwpEbGdrcN5Y29ycA,Band-MusicGroup
Cliffie Stone,Mx4r7q7_HFDgQdeFyoKKT4DEcA,CountryMusicPerformer
Mark Chesnutt,Mx4rvVjqXpwpEbGdrcN5Y29ycA,MusicalPerformer
VMware ESX,Mx4rvi9EhJwpEbGdrcN5Y29ycA,UnversionedProgram
Jeff Richmond,Mx4rvVjp3ZwpEbGdrcN5Y29ycA,MusicalComposer
Brachodidae,Mx4reN16Rq0WEd6eNAAhm0kILA,Brachodidae
Jesse Tyler Ferguson,Mx4rvVjaHZwpEbGdrcN5Y29ycA,Actor
Pichia,Mx4rXgIaRgWEEdyAAADggVbxzQ,Pichia
Tachiniscinae,Mx4rpZy1Zq0WEd6eNAAhm0kILA,Tachiniscinae
Biogenic sulfide corrosion,Mx4rezMqHa0WEd6eNAAhm0kILA,BiogenicSulfideCorrosion
General partner,Mx4rvWauDJwpEbGdrcN5Y29ycA,GeneralPartner
Administration (government),Mx4rHIogCk1hQdmNYvMkPxqA3Q,CommercialOrganization-InAdministration
Glenwood Springs (Amtrak station),Mx4rvViEwJwpEbGdrcN5Y29ycA,USCity
Yellow-cheeked gibbon,Mx4rYrUOtoz-RaiJYjB8Amszaw,YellowCheeckedGibbon
Biology,Mx4rvVi3_JwpEbGdrcN5Y29ycA,ScientificFieldOfStudy
Pseudomonas fragi,Mx4rlGhpfK0WEd6eNAAhm0kILA,PseudomonasFragi
Eciton,Mx4rpAiAw60WEd6eNAAhm0kILA,Eciton
Balanidae,Mx4rin3Orq0WEd6eNAAhm0kILA,Balanidae
Hassanal Bolkiah,Mx8Ngh4rY_nOYBt-QdiS5seAT9e7DQ-qaHR0cDovL2RicGVkaWEub3JnL29udG9sb2d5L0JyaXRpc2hSb3lhbHR5,"[:ResourceWithURIFn, ""http://dbpedia.org/ontology/BritishRoyalty""]"
Reinhardtia,Mx4rec5qEK0WEd6eNAAhm0kILA,Reinhardtia
Kansas City (ABA),Mx4rvViLwpwpEbGdrcN5Y29ycA,SoccerTeam
Manx robber fly,Mx4rpPjUOK0WEd6eNAAhm0kILA,ManxRobberFly
Strangers (2007 Israeli film),Mx4rv973YpwpEbGdrcN5Y29ycA,Movie-CW
Columbia Daily Tribune,Mx4rv4ByW5wpEbGdrcN5Y29ycA,NewspaperSeries
Pseudomonas lutea,Mx4rlGhpaa0WEd6eNAAhm0kILA,PseudomonasLutea
Palaemonidae,Mx4rl4qRDK0WEd6eNAAhm0kILA,Palaemonidae
Pseudomonas vancouverensis,Mx4rlGiQiq0WEd6eNAAhm0kILA,PseudomonasVancouverensis
Joel Douglas,Mx4rvViAkpwpEbGdrcN5Y29ycA,Person
Acacia mangium,Mx4rjgnboK0WEd6eNAAhm0kILA,AcaciaMangium
La Junta (Amtrak station),Mx4rvViEwJwpEbGdrcN5Y29ycA,USCity
University of Birjand,Mx4rvVjjvpwpEbGdrcN5Y29ycA,University
Synthesizer,Mx4rvjd1v5wpEbGdrcN5Y29ycA,ElectronicSynthesizer
Encarsia formosa,Mx4rn4Ys960WEd6eNAAhm0kILA,EncarsiaFormosa
Vladimir Lenin,Mx4rvVjma5wpEbGdrcN5Y29ycA,FamousHuman
Volvo 850,Mx4rvcTHKJwpEbGdrcN5Y29ycA,Volvo850SeriesCar
Leon Thomas III,Mx4rvVjaHZwpEbGdrcN5Y29ycA,Actor
Mamie Gummer,Mx4rvVjaHZwpEbGdrcN5Y29ycA,Actor
Hologic,Mx4rvVjZ_ZwpEbGdrcN5Y29ycA,PubliclyHeldCorporation
Gastrodontoidea,Mx4rl4q4Da0WEd6eNAAhm0kILA,Gastrodontoidea
Pygmy blue whale,Mx4rnLRIWq0WEd6eNAAhm0kILA,PygmyBlueWhale
Mark Chen,Mx4rvViyfpwpEbGdrcN5Y29ycA,AdultMaleHuman
Pratylenchus hexincisus,Mx4rh7f3760WEd6eNAAhm0kILA,PratylenchusHexincisus
Echinopsis oxygona,Mx4rlqzbHa0WEd6eNAAhm0kILA,EchinopsisOxygona
Cordyla haraka,Mx4rkpjZca0WEd6eNAAhm0kILA,CordylaHaraka
Daniellia oblonga,Mx4rkpjZfa0WEd6eNAAhm0kILA,DanielliaOblonga
Piptadenia weberbaueri,Mx4rkpkAm60WEd6eNAAhm0kILA,PiptadeniaWeberbaueri
Swartzia santanderensis,Mx4rk0F1j60WEd6eNAAhm0kILA,SwartziaSantanderensis
Large-eared sheath-tailed bat,Mx4rnC7ry60WEd6eNAAhm0kILA,LargeEaredSheath-TailedBat
The Kids Are Alright (film),Mx4rv973YpwpEbGdrcN5Y29ycA,Movie-CW
Ricky Skaggs,Mx4rvVjqXpwpEbGdrcN5Y29ycA,MusicalPerformer
Knysna Woodpecker,Mx4ro2qTEa0WEd6eNAAhm0kILA,KnysnaWoodpecker
Golden-naped Woodpecker,Mx4ro2qTEK0WEd6eNAAhm0kILA,Golden-napedWoodpecker
Louisiana pearlshell,Mx4rv2naEZwpEbGdrcN5Y29ycA,LouisianaPearlshell
Chittenango ovate amber snail,Mx4rwQqXc5wpEbGdrcN5Y29ycA,ChittenangoOvateAmberSnail
Emperoptera mirabilis,Mx4rpPiGKa0WEd6eNAAhm0kILA,EmperopteraMirabilis
Athyrium medium,Mx4rjG-Mfa0WEd6eNAAhm0kILA,AthyriumMedium
Ilex shimeica,Mx4rmTDuD60WEd6eNAAhm0kILA,IlexShimeica
Scapania sphaerifera,Mx4rqBtJ_a0WEd6eNAAhm0kILA,ScapaniaSphaerifera
Woodsia indusiosa,Mx4rjN9lPK0WEd6eNAAhm0kILA,WoodsiaIndusiosa
Coastal minesweeper,Mx4rvmdsW5wpEbGdrcN5Y29ycA,Minesweeper-Coastal
Otto Pérez Molina,Mx4rvVjWoZwpEbGdrcN5Y29ycA,MaleHuman
Lisa Faulkner,Mx4rvVjaHZwpEbGdrcN5Y29ycA,Actor
Urania sloanus,Mx4reN0sK60WEd6eNAAhm0kILA,UraniaSloanus
Sugarcane,Mx4rvVj4l5wpEbGdrcN5Y29ycA,SugarcanePlant
Mike McQueary,Mx4rmy4ToLZbEd2AAAAhm0vLxw,CollegeCoach
Propiram,Mx4r4UtzBr_8STiDDl-gdgTM-A,Propiram
Cyclin E1,Mx4rRbwbb38bSReJMTimpoXapA,CyclinE1
GYKI-52895,Mx4rmJlo5q0WEd6eNAAhm0kILA,GYKI-52895
Parsoft Interactive,Mx4rv_2oMpwpEbGdrcN5Y29ycA,SoftwareVendor
Dracocephalum rupestre,Mx4rhvA7Fa0WEd6eNAAhm0kILA,DracocephalumRupestre
Tomb Raider (comics),Mx4rwGP4opwpEbGdrcN5Y29ycA,ComputerGameSeries
The Script,Mx4rvgEZGJwpEbGdrcN5Y29ycA,Band-MusicGroup
Tropane alkaloid,Mx4rla9oSa0WEd6eNAAhm0kILA,TropaneAlkaloid
FirstMerit Corporation,Mx4rvVjZ_ZwpEbGdrcN5Y29ycA,PubliclyHeldCorporation
Andrias,Mx4rFN3S0Qq0QJmhDeEqTyYaFg,Andrias
George Bush (racing driver),Mx4rwPzQ6pwpEbGdrcN5Y29ycA,BusinessPerson
Kris Jenner,Mx4rwPzQ6pwpEbGdrcN5Y29ycA,BusinessPerson
Ameles persa,Mx4rdPollq0WEd6eNAAhm0kILA,AmelesPersa
Compsomantis mindoroensis,Mx4rdPoln60WEd6eNAAhm0kILA,CompsomantisMindoroensis
Myrmecomantis atra,Mx4rdPpMxq0WEd6eNAAhm0kILA,MyrmecomantisAtra
Hoplocorypha congica,Mx4rdUEZoa0WEd6eNAAhm0kILA,HoplocoryphaCongica
Hoplocorypha foliata,Mx4rdUEZpK0WEd6eNAAhm0kILA,HoplocoryphaFoliata
Sphodromantis quinquecallosa,Mx4rdUEZx60WEd6eNAAhm0kILA,SphodromantisQuinquecallosa
Portfolio manager,Mx4rvVirmZwpEbGdrcN5Y29ycA,PortfolioManager
Bitam,Mx4rvVjnZ5wpEbGdrcN5Y29ycA,City
Jill Biden,Mx4rwQryspwpEbGdrcN5Y29ycA,PublicOfficial
Action of 13 January 1797,Mx4rvXtOhJwpEbGdrcN5Y29ycA,MilitaryConflictEvent
Liberalism,Mx4rvVjUHpwpEbGdrcN5Y29ycA,PoliticalBeliefSystem
Guinness,Mx4rvntOwpwpEbGdrcN5Y29ycA,GuinnessBeer
Belizean people,Mx4rvViGTJwpEbGdrcN5Y29ycA,BelizeanPerson
Table knife,Mx4rvVimGZwpEbGdrcN5Y29ycA,TableKnife
Stryper,Mx4rvgEZGJwpEbGdrcN5Y29ycA,Band-MusicGroup
Sublime (band),Mx4rBFkinFM_QdebYcjuCvLn6Q,PunkMusicPerformer
Leava,Mx4rvVjnZ5wpEbGdrcN5Y29ycA,City
Wehrmacht,Mx4rvVjxrpwpEbGdrcN5Y29ycA,ModernMilitaryOrganization
Derrick Favors,Mx4rvVjzH5wpEbGdrcN5Y29ycA,BasketballPlayer
Federico Macheda,Mx4rvVkDmZwpEbGdrcN5Y29ycA,SoccerPlayer
Gwandara language,Mx4rvVj8VZwpEbGdrcN5Y29ycA,LivingLanguage
Tofu,Mx4roFuTuLvWQdieiNuUNPyKZQ,Tofu
Cunnilingus,Mx4rv8pNZZwpEbGdrcN5Y29ycA,Cunnilingus
Dreama Walker,Mx4rvVjaHZwpEbGdrcN5Y29ycA,Actor
Cory Gunz,Mx4rzQXDcip_QdiIBoeuUEmDxA,Rapper
Grace Hightower,Mx4rvVjaHZwpEbGdrcN5Y29ycA,Actor
Vientiane,Mx4rvVjylZwpEbGdrcN5Y29ycA,CapitalCityOfRegion
Maldivians,Mx4rvViRn5wpEbGdrcN5Y29ycA,MaldivesPerson
Olivia Chow,Mx4rvVjntpwpEbGdrcN5Y29ycA,Politician
Louis Valtat,Mx4rvVjWoZwpEbGdrcN5Y29ycA,MaleHuman
Robert Pattinson,Mx4rvVisB5wpEbGdrcN5Y29ycA,Musician
Chryseobacterium,Mx4rOKuMHAc-EdyAAADggVbxzQ,Chryseobacterium
Hot Chelle Rae,Mx4rvgEZGJwpEbGdrcN5Y29ycA,Band-MusicGroup
Spermatophyte,Mx4r6sW4wUuEQXuuYhwF0Ne7EA,Spermatophyte
Powerwave Technologies,Mx4rvVjZ_ZwpEbGdrcN5Y29ycA,PubliclyHeldCorporation
JAPEX,Mx4rvuJd15wpEbGdrcN5Y29ycA,OilCompany
Dinner for Schmucks,Mx4rv973YpwpEbGdrcN5Y29ycA,Movie-CW
Madden NFL 11,Mx4rvVjmOpwpEbGdrcN5Y29ycA,ComputerGameProgram-Graphical
Tegucigalpa,Mx4rvVjylZwpEbGdrcN5Y29ycA,CapitalCityOfRegion
Greta Gerwig,Mx4rvVjaHZwpEbGdrcN5Y29ycA,Actor
Barun Sobti,Mx4rvVjaHZwpEbGdrcN5Y29ycA,Actor
René Audran,Mx4rvViAkpwpEbGdrcN5Y29ycA,Person
Adrienne Maloof,Mx4rvVjaHZwpEbGdrcN5Y29ycA,Actor
Clans (video game),Mx4rvVjmuJwpEbGdrcN5Y29ycA,ComputerGameProgram
Spinal stenosis,Mx4rwSSdcpwpEbGdrcN5Y29ycA,SpinalStenosis
Pakistan Today,Mx4rv4ByW5wpEbGdrcN5Y29ycA,NewspaperSeries
Organist,Mx8Ngh4rvW-_IZwpEbGdrcN5Y29ycB4rv5XMb5wpEbGdrcN5Y29ycA,"[:PlayerOfInstrumentFn, :""Organ-MusicalInstrument""]"
Garcinia indica,Mx4romfJLa0WEd6eNAAhm0kILA,GarciniaIndica
Dicerandra christmanii,Mx4rv3tMZpwpEbGdrcN5Y29ycA,GarrettsMint
Fateh Oil Field,Mx4rvurrC5wpEbGdrcN5Y29ycA,OilField
Erigeron rhizomatus,Mx4rvnNRHZwpEbGdrcN5Y29ycA,ZuniFleabane
Hypericum cumulicola,Mx4rwCMPgJwpEbGdrcN5Y29ycA,HighlandsScrubHypericum
Arab-Berber,Mx4rvVjJ5ZwpEbGdrcN5Y29ycA,EthnicGroupOfArab-Berbers
Plantago hawaiensis,Mx4rvtf53ZwpEbGdrcN5Y29ycA,LaukahiKuahiwi
"Elmhurst (Caldwell, West Virginia)",Mx4rvViEwJwpEbGdrcN5Y29ycA,USCity
Diggy Simmons,Mx4rZPcwWlMLQdeRwPloCN1QRg,RapMusicPerformer
Diglyceride,Mx4rTBMGBJB0Qe6ngBDtrRAi6w,Diglyceride
Granada (Albéniz),Mx4raItU5Vk6QkuM7_QH8H8dkQ,Department-Nicaragua
Paranoia (Hermans book),Mx4rW1Do8CnlQdiICsmv_vYrKw,Paranoia
Informix Corporation,Mx4rvVjZ_ZwpEbGdrcN5Y29ycA,PubliclyHeldCorporation
MODE (magazine),Mx4rvzmtx5wpEbGdrcN5Y29ycA,LocalProgram
Arthur (Ghosts 'n Goblins),Mx4rwHKvgpwpEbGdrcN5Y29ycA,FictionalCharacter
Wasbir Hussain,Mx4rvViAkpwpEbGdrcN5Y29ycA,Person
Light aircraft carrier,Mx4rvewA05wpEbGdrcN5Y29ycA,LightAircraftCarrier
Political officer (British Empire),Mx8NhB4rcacO5KgcQdidVfCUDYB6bg-RUG9saXRpY2FsIG9mZmljZXIeK71YotmcKRGxna3DeWNvcnAPpDRiMWNmMmE0LTE3YWEtNDFkOS04Mjk1LThiZjJhNTVmZjEzNw,"[:""InstanceNamedFn-Ternary"", ""Political officer"", :PersonTypeByOccupation, ""4b1cf2a4-17aa-41d9-8295-8bf2a55ff137""]"
Acacia catechu,Mx4rjqP4ka0WEd6eNAAhm0kILA,AcaciaCatechu
Kickboxing,Mx4rvWJmUpwpEbGdrcN5Y29ycA,KickboxingSportsEvent
